ProductId,Image Url,Video Url,Product Desc,Origin Price,Discount Price,Discount,Currency,Direct linking commission rate (%),Estimated direct linking commission,Indirect linking commission rate (%),Estimated indirect linking commission,Sales180Day,Positive Feedback,Promotion Url,Code Name,Code Start Time,Code End Time,Code Value,Code Quantity,Code Minimum Spend
1005011939953474,https://ae-pic-a1.aliexpress-media.com/kf/S31a6d3e9e3424a22a24c7769c394c73eY.jpg,https://video.aliexpress-media.com/play/u/ae_sg_item/2213041917945/p/1/e/6/t/10301/349546426046.mp4,"CNC Water Jet Cutting Head On/Off Valve Adapter Assembly 3/8""M TO 1/4""F Waterjet Cutter 5 Axis Machine 1-11394 A-0792-1 10079432",EUR 24.74,EUR 23.75,4%,EUR,7.0,EUR 1.66,7.0,EUR 1.66,3,,https://s.click.aliexpress.com/e/_c4PdOQHr,,,,,,
1005010645033890,https://ae-pic-a1.aliexpress-media.com/kf/Sa6f100ec272847ec9eaa98245867cc4eX.jpg,,3D Coconut Tree Halter Pearls Mini Micro Bikini Women Swimsuit Female Swimwear Two-pieces Bikini Set Bather Bathing Suit Swim,EUR 21.71,EUR 11.72,46%,EUR,9.0,EUR 1.05,9.0,EUR 1.05,9,100.0%,https://s.click.aliexpress.com/e/_c4eb7cr7,,,,,,
1005012521545773,https://ae-pic-a1.aliexpress-media.com/kf/Scfdf478da20f468691ef87fced4ddad1A.jpg,,High-Power 7.5HP 5.5KW Vacuum Pump For CNC Router 220V 380V AC Electric High Pressure OEM Customizable,EUR 115.59,EUR 107.50,7%,EUR,7.0,EUR 7.52,7.0,EUR 7.52,1,,https://s.click.aliexpress.com/e/_c3tVeXqH,,,,,,
1005008874963638,https://ae-pic-a1.aliexpress-media.com/kf/S31771f31b365461ebb38d105c3b0cf1ah.jpg,,10pcs/lot High Precision CNC Clear Polycarbonate Xtreme V Wheel Kits for V-Slot Aluminum Profiles 3D Printer CNC Router Wheels,EUR 13.32,EUR 13.19,1%,EUR,12.0,EUR 1.58,12.0,EUR 1.58,6,100.0%,https://s.click.aliexpress.com/e/_c3OWNxYp,,,,,,
1005008192365397,https://ae-pic-a1.aliexpress-media.com/kf/S1205eef0979341bfadeec49421aae368E.jpg,https://video.aliexpress-media.com/play/u/ae_sg_item/2658819118/p/1/e/6/t/10301/4000250476530.mp4,Wire EDM Stainless Steel Jig Holder Clamp 70-90mm M8 Screw CNC Lathe Claw for Sodick DWC Wire Cut EDM Machine,EUR 4.83,EUR 2.17,55%,EUR,7.0,EUR 0.15,7.0,EUR 0.15,19,98.2%,https://s.click.aliexpress.com/e/_c361qgkN,,,,,,
1005012432661453,https://ae-pic-a1.aliexpress-media.com/kf/S4a6c0f75b2764f32831913e3a9ee8345f.jpg,https://video.aliexpress-media.com/play/u/ae_sg_item/223296960/p/1/e/6/t/10301/1100204461300.mp4,10Pcs Openbuilds Polycarbonate PC Extreme Mini V Wheel Kits for V-Slot Linear Rail Aluminum Profile 3D Printer CNC Router DIY,EUR 11.50,EUR 11.50,0%,EUR,7.0,EUR 0.80,7.0,EUR 0.80,2,,https://s.click.aliexpress.com/e/_c4Oj4kaZ,,,,,,
1005011543653434,https://ae-pic-a1.aliexpress-media.com/kf/S128076acfa8c45fabe51fb698edf0cf0x.jpg,,QB-C01 Hi-Fi CNC Regenerative Power Filter for Audio Amplifier DAC Daphile NAS Digital Audio Player Router And Switch,EUR 60.40,EUR 60.40,0%,EUR,8.0,EUR 4.83,7.0,EUR 4.23,96,94.9%,https://s.click.aliexpress.com/e/_c4BjwF7n,,,,,,
1005007002755238,https://ae-pic-a1.aliexpress-media.com/kf/Sbe1696887a0a45008f75d97860b0dab6Q.jpg,,New Screen Film Cover Game Console Screen Protector For Flipper Zero Electronic Game Accessories Boys And Girls Gifts,EUR 0.08,EUR 0.06,27%,EUR,7.0,EUR 0.00,7.0,EUR 0.00,25,64.0%,https://s.click.aliexpress.com/e/_c4VSC925,,,,,,
1005008850006833,https://ae-pic-a1.aliexpress-media.com/kf/S599a614ebe2a4ed79429aa58c9cce653a.jpg,,CNC Z-Axis Tool Setting Touch Plate Probe for TTC450 Mach3 GRBL 3018 Router Milling Engraving Machine Zero Check Block Sensor,EUR 5.28,EUR 3.11,41%,EUR,7.0,EUR 0.22,7.0,EUR 0.22,214,95.5%,https://s.click.aliexpress.com/e/_c4NZMD4t,,,,,,
1005010476316802,https://ae-pic-a1.aliexpress-media.com/kf/S68852044cb0d4e1487f22e7ecc31a9661.jpg,,Samsung Galaxy A70 Intelligent Android Phone 6.7-inch 2SIM Global Version Samsung Smartphone NFC 32MP 4500mAh Original Unlock,EUR 303.60,EUR 142.69,53%,EUR,7.0,EUR 9.99,7.0,EUR 9.99,6,20.0%,https://s.click.aliexpress.com/e/_c3M72zeN,,,,,,
1005010239941822,https://ae-pic-a1.aliexpress-media.com/kf/S606031f4f65f4861a5fb070008f0e973j.jpg,,Samsung Galaxy A13 Smart Android Phone 6.5-inch 50MP 2SIM Refurbished Samsung Smartphone 5000mAh NFC 90Hz European Edition,EUR 301.89,EUR 123.77,59%,EUR,7.0,EUR 8.66,7.0,EUR 8.66,1,80.0%,https://s.click.aliexpress.com/e/_c3y1t4XL,,,,,,
1005010167195431,https://ae-pic-a1.aliexpress-media.com/kf/Sbdeb83cf46bd4f5aa771eb43f1ee698fu.jpg,,Refurbished Samsung Galaxy S24 Ultra 5G Smart Android Phone 6.8-inch 200MP45W Samsung Smartphone 5000mAh NFC Wireless Charging,EUR 1525.34,EUR 732.16,52%,EUR,7.0,EUR 51.25,7.0,EUR 51.25,0,100.0%,https://s.click.aliexpress.com/e/_c3378yj7,,,,,,
1005009962265867,https://ae-pic-a1.aliexpress-media.com/kf/Sf4c997932e104ff2854c28117815a1aaE.jpg,,Oatsbasf Metal Phone Case for iPhone 17 Pro Max/17 Pro with Magnetic Stand 360° Rotatable Magsafe Aluminum Metal Frameless Cover,EUR 33.28,EUR 16.64,50%,EUR,7.0,EUR 1.16,7.0,EUR 1.16,39,96.0%,https://s.click.aliexpress.com/e/_c4UNiA09,,,,,,
1005010103234739,https://ae-pic-a1.aliexpress-media.com/kf/S5ea401a77f314153b680334799a2af63g.jpg,,Heart Print Soft Phone Case For iPhone 17e 18 17 Pro Max 16 15 14 13 12 Pro Max 11 16e Shockproof Silicone Leather Texture Cover,EUR 1.13,EUR 0.88,22%,EUR,7.0,EUR 0.06,7.0,EUR 0.06,584,93.1%,https://s.click.aliexpress.com/e/_c2JhaEkH,,,,,,
1005011874672402,https://ae-pic-a1.aliexpress-media.com/kf/Scf5ced8d94e54e6bafd54073796030f8u.jpg,,A-Abarth Scorpion Phone Case For iPhone 17 16 15 14 13 12 11 Pro Max Air Colorful Matte Laser Aurora Shockproof,EUR 2.11,EUR 2.11,0%,EUR,12.0,EUR 0.25,7.0,EUR 0.15,33,100.0%,https://s.click.aliexpress.com/e/_c4SeRG1f,,,,,,
1005010596226830,https://ae-pic-a1.aliexpress-media.com/kf/S8d24649c79bc4d448e3614360f80aa45g.jpg,,Game K-Kingdom H-Hearts Phone Case For Samsung Galaxy S25 Edge S24 S23 S22 S21 S20 Ultra Matte Laser Aurora Funda Phone Case,EUR 2.11,EUR 1.94,8%,EUR,8.0,EUR 0.16,7.0,EUR 0.14,23,100.0%,https://s.click.aliexpress.com/e/_c3HsbQpB,,,,,,
1005010586328299,https://ae-pic-a1.aliexpress-media.com/kf/S35458de3f9384149baf76a7950234132B.jpg,,Tame Impala Phone Case For iPhone 16 15 14 13 12 11 Pro Max Plus Glossy HD Double-Layer Liquid Back Film Hard Shell,EUR 4.21,EUR 3.87,8%,EUR,7.0,EUR 0.27,7.0,EUR 0.27,7,80.0%,https://s.click.aliexpress.com/e/_c3ip4drn,,,,,,
1005010129055025,https://ae-pic-a1.aliexpress-media.com/kf/Sa0a99245cbaf4eb88b251f88d569b457p.jpg,,High-End Leopard Print And Tinfoil Design Phone Case for iPhone 17 Pro Max 17 Air 16E 16 15 14 13 12 11 7 8 Plus XS XR 17 Cover,EUR 2.47,EUR 1.48,40%,EUR,8.0,EUR 0.12,7.0,EUR 0.10,293,93.3%,https://s.click.aliexpress.com/e/_c2xIkRk1,,,,,,
1005009962265867,https://ae-pic-a1.aliexpress-media.com/kf/Sf4c997932e104ff2854c28117815a1aaE.jpg,,Oatsbasf Metal Phone Case for iPhone 17 Pro Max/17 Pro with Magnetic Stand 360° Rotatable Magsafe Aluminum Metal Frameless Cover,EUR 33.28,EUR 16.64,50%,EUR,7.0,EUR 1.16,7.0,EUR 1.16,39,96.0%,https://s.click.aliexpress.com/e/_c3TuTZuZ,,,,,,
1005010795644576,https://ae-pic-a1.aliexpress-media.com/kf/Sf8838d68fde7499d9ab522582388f4afH.jpg,,Cream Strawberry Cake Lace Bowknot Phone Case For iPhone 18 17 16 15 14 13 12 11 Pro Max 16e Air X XR XS Max 7 8 Plus Soft Cover,EUR 3.24,EUR 2.11,35%,EUR,8.0,EUR 0.17,7.0,EUR 0.15,650,93.2%,https://s.click.aliexpress.com/e/_c4Dqc65B,,,,,,
1005010049448998,https://ae-pic-a1.aliexpress-media.com/kf/Sa384489512924883b252f4ce267c2479U.jpg,,Small Flowers Phone Case For iPhone 17e 18 17 16 Pro Max 15 14 13 12 Pro Max 16e Shockproof Soft Silicone Leather Texture Cover,EUR 1.13,EUR 0.88,22%,EUR,7.0,EUR 0.06,7.0,EUR 0.06,1344,88.6%,https://s.click.aliexpress.com/e/_c4W2f7ZT,,,,,,
1005010476316802,https://ae-pic-a1.aliexpress-media.com/kf/S68852044cb0d4e1487f22e7ecc31a9661.jpg,,Samsung Galaxy A70 Intelligent Android Phone 6.7-inch 2SIM Global Version Samsung Smartphone NFC 32MP 4500mAh Original Unlock,EUR 303.60,EUR 142.69,53%,EUR,7.0,EUR 9.99,7.0,EUR 9.99,6,20.0%,https://s.click.aliexpress.com/e/_c3y0bt8h,,,,,,
1005010239941822,https://ae-pic-a1.aliexpress-media.com/kf/S606031f4f65f4861a5fb070008f0e973j.jpg,,Samsung Galaxy A13 Smart Android Phone 6.5-inch 50MP 2SIM Refurbished Samsung Smartphone 5000mAh NFC 90Hz European Edition,EUR 301.89,EUR 123.77,59%,EUR,7.0,EUR 8.66,7.0,EUR 8.66,1,80.0%,https://s.click.aliexpress.com/e/_c4Ck4Ruv,,,,,,
1005010167195431,https://ae-pic-a1.aliexpress-media.com/kf/Sbdeb83cf46bd4f5aa771eb43f1ee698fu.jpg,,Refurbished Samsung Galaxy S24 Ultra 5G Smart Android Phone 6.8-inch 200MP45W Samsung Smartphone 5000mAh NFC Wireless Charging,EUR 1525.34,EUR 732.16,52%,EUR,7.0,EUR 51.25,7.0,EUR 51.25,0,100.0%,https://s.click.aliexpress.com/e/_c3Mg8Yfb,,,,,,
1005009833911448,https://ae-pic-a1.aliexpress-media.com/kf/S09a528e3c3c64cc2b49be86e2e7f0844y.jpg,,Travel Plane Printed Matte Anti-Drop Phone Case For iPhone 17 16 15 14 13 12 11 Pro Max XS X XR 7 8 Plus 16E 17Air 13 Mini Cover,EUR 2.19,EUR 1.32,40%,EUR,8.0,EUR 0.11,7.0,EUR 0.09,282,95.7%,https://s.click.aliexpress.com/e/_c2xxW6HB,,,,,,
1005011688159965,https://ae-pic-a1.aliexpress-media.com/kf/S82b4db79ad53445daf5a0bd2a4152aa5o.jpg,,Stylish Tiger Dragon Marble Texture Printed 2 in 1 TPU+PC Phone Case for iPhone 17 16 15 14 Plus 13 12 11 Pro Max Mini XS Cover,EUR 3.77,EUR 3.62,4%,EUR,7.0,EUR 0.25,7.0,EUR 0.25,3,,https://s.click.aliexpress.com/e/_c3LpwcRj,,,,,,
1005010719860125,https://ae-pic-a1.aliexpress-media.com/kf/Sed45516750af4d19b02fc0cc92a52477y.png,,Popular Coconut Tree Printed T-shirt Sets Hawaii Style Tee Shorts Outfits Summer Vacation Two-piece Sets Hot Sell Men's Clothing,EUR 13.16,EUR 3.16,76%,EUR,9.0,EUR 0.28,9.0,EUR 0.28,16,97.5%,https://s.click.aliexpress.com/e/_c399Yfaz,,,,,,
1005011939953474,https://ae-pic-a1.aliexpress-media.com/kf/S31a6d3e9e3424a22a24c7769c394c73eY.jpg,https://video.aliexpress-media.com/play/u/ae_sg_item/2213041917945/p/1/e/6/t/10301/349546426046.mp4,"CNC Water Jet Cutting Head On/Off Valve Adapter Assembly 3/8""M TO 1/4""F Waterjet Cutter 5 Axis Machine 1-11394 A-0792-1 10079432",EUR 24.74,EUR 23.75,4%,EUR,7.0,EUR 1.66,7.0,EUR 1.66,3,,https://s.click.aliexpress.com/e/_c4TW5zLn,,,,,,
1005008874963638,https://ae-pic-a1.aliexpress-media.com/kf/S31771f31b365461ebb38d105c3b0cf1ah.jpg,,10pcs/lot High Precision CNC Clear Polycarbonate Xtreme V Wheel Kits for V-Slot Aluminum Profiles 3D Printer CNC Router Wheels,EUR 13.32,EUR 13.19,1%,EUR,12.0,EUR 1.58,12.0,EUR 1.58,6,100.0%,https://s.click.aliexpress.com/e/_c4oNnAat,,,,,,
1005012432661453,https://ae-pic-a1.aliexpress-media.com/kf/S4a6c0f75b2764f32831913e3a9ee8345f.jpg,https://video.aliexpress-media.com/play/u/ae_sg_item/223296960/p/1/e/6/t/10301/1100204461300.mp4,10Pcs Openbuilds Polycarbonate PC Extreme Mini V Wheel Kits for V-Slot Linear Rail Aluminum Profile 3D Printer CNC Router DIY,EUR 11.50,EUR 11.50,0%,EUR,7.0,EUR 0.80,7.0,EUR 0.80,2,,https://s.click.aliexpress.com/e/_c3h0S87x,,,,,,
1005008031975449,https://ae-pic-a1.aliexpress-media.com/kf/Seffa3a8cea4442269555352af0f63531X.jpg,,BIGTREETECH Panda Extruder Lightweight Precision CNC Machined For Bambu Lab P1P P1S X1C X1E Panda Claw Panda Revo,EUR 38.97,EUR 25.70,34%,EUR,7.0,EUR 1.80,7.0,EUR 1.80,25,98.0%,https://s.click.aliexpress.com/e/_c4OG6ex3,,,,,,
1005007002755238,https://ae-pic-a1.aliexpress-media.com/kf/Sbe1696887a0a45008f75d97860b0dab6Q.jpg,,New Screen Film Cover Game Console Screen Protector For Flipper Zero Electronic Game Accessories Boys And Girls Gifts,EUR 0.08,EUR 0.06,27%,EUR,7.0,EUR 0.00,7.0,EUR 0.00,25,64.0%,https://s.click.aliexpress.com/e/_c4bxAwZf,,,,,,
1005010645033890,https://ae-pic-a1.aliexpress-media.com/kf/Sa6f100ec272847ec9eaa98245867cc4eX.jpg,,3D Coconut Tree Halter Pearls Mini Micro Bikini Women Swimsuit Female Swimwear Two-pieces Bikini Set Bather Bathing Suit Swim,EUR 21.71,EUR 11.72,46%,EUR,9.0,EUR 1.05,9.0,EUR 1.05,9,100.0%,https://s.click.aliexpress.com/e/_c3w5rTiV,,,,,,
1005012024541901,https://ae-pic-a1.aliexpress-media.com/kf/S6528ba39874446018be53094307d90e8O.jpg,,Flipper Zero Wifi Three-in-one Black (Storage Box + Multifunctional Expansion Module Case + Pin Protection),EUR 52.90,EUR 25.39,52%,EUR,7.0,EUR 1.78,7.0,EUR 1.78,1,,https://s.click.aliexpress.com/e/_c3rssvd7,3T1YB2AKNT07,2026-05-06 00:00:00,2026-09-30 23:59:59,EUR 1.32,1997,EUR 26.32
1005012521545773,https://ae-pic-a1.aliexpress-media.com/kf/Scfdf478da20f468691ef87fced4ddad1A.jpg,,High-Power 7.5HP 5.5KW Vacuum Pump For CNC Router 220V 380V AC Electric High Pressure OEM Customizable,EUR 115.59,EUR 107.50,7%,EUR,7.0,EUR 7.52,7.0,EUR 7.52,1,,https://s.click.aliexpress.com/e/_c32H1wPj,,,,,,
1005008192365397,https://ae-pic-a1.aliexpress-media.com/kf/S1205eef0979341bfadeec49421aae368E.jpg,https://video.aliexpress-media.com/play/u/ae_sg_item/2658819118/p/1/e/6/t/10301/4000250476530.mp4,Wire EDM Stainless Steel Jig Holder Clamp 70-90mm M8 Screw CNC Lathe Claw for Sodick DWC Wire Cut EDM Machine,EUR 4.83,EUR 2.17,55%,EUR,7.0,EUR 0.15,7.0,EUR 0.15,19,98.2%,https://s.click.aliexpress.com/e/_c3X7NXTX,,,,,,
1005011543653434,https://ae-pic-a1.aliexpress-media.com/kf/S128076acfa8c45fabe51fb698edf0cf0x.jpg,,QB-C01 Hi-Fi CNC Regenerative Power Filter for Audio Amplifier DAC Daphile NAS Digital Audio Player Router And Switch,EUR 60.40,EUR 60.40,0%,EUR,8.0,EUR 4.83,7.0,EUR 4.23,96,94.9%,https://s.click.aliexpress.com/e/_c39luI8H,,,,,,
1005008783255636,https://ae-pic-a1.aliexpress-media.com/kf/S5b2c859c7d3f432bb760d1ac6cd66747w.jpg,,High Quality E3D V6 Throat V5 3D Printer Parts CR10 Bi-metal Heatbreak Copper Plated MK8 Throats For Kobra 2 Series CR10S CR6 SE,EUR 2.15,EUR 1.04,52%,EUR,7.0,EUR 0.07,7.0,EUR 0.07,618,98.4%,https://s.click.aliexpress.com/e/_c3dLckNR,,,,,,
1005010361342879,https://ae-pic-a1.aliexpress-media.com/kf/Sb42f66fa516741b28c077513894353491.jpg,,Simple Pink Vertical Striped Lichee Pattern Phone Case For iPhone 18 17 16 15 14 13 12 11 Pro Max XS XR X 16E 16 Plus Air Cover,EUR 2.19,EUR 1.32,40%,EUR,8.0,EUR 0.11,7.0,EUR 0.09,1179,96.4%,https://s.click.aliexpress.com/e/_c4UMMjWd,,,,,,
1005010528491784,https://ae-pic-a1.aliexpress-media.com/kf/S6e4ffaed77744b3ebef5741b7a3fd5abl.jpg,,Pink Striped Painted Anti-Drop Phone Case For iPhone 11 12 13 14 15 16 17 Pro Max XS XR X 7 8 Plus 16E 17 Air Candy Bumper Cover,EUR 2.19,EUR 1.32,40%,EUR,8.0,EUR 0.11,7.0,EUR 0.09,520,96.9%,https://s.click.aliexpress.com/e/_c4raZbaV,,,,,,
1005009685584718,https://ae-pic-a1.aliexpress-media.com/kf/Sf8a93353fc8e4b06aa4176e635dd8a60v.jpg,,Renaissance Art Paintings  Phone Case Magnetic 2-in-1 Glossy shell  For iPhone 16e 16 15 14 13 12 11 Pro Max Plus mini XS,EUR 8.42,EUR 5.05,40%,EUR,7.0,EUR 0.35,7.0,EUR 0.35,24,92.0%,https://s.click.aliexpress.com/e/_c3ydbnUv,,,,,,
1005011645694704,https://ae-pic-a1.aliexpress-media.com/kf/S2bf180a5ca6d40968efde5677a4b7918o.jpg,,Rapper Singer The W-Weeknd Phone Case For IPhone 17 16 15 14 13 12 11 Pro Max Air Colorful Matte Laser Aurora Phone Case,EUR 2.11,EUR 2.03,4%,EUR,8.0,EUR 0.16,7.0,EUR 0.14,4,,https://s.click.aliexpress.com/e/_c4MOqTzT,,,,,,
1005010476316802,https://ae-pic-a1.aliexpress-media.com/kf/S68852044cb0d4e1487f22e7ecc31a9661.jpg,,Samsung Galaxy A70 Intelligent Android Phone 6.7-inch 2SIM Global Version Samsung Smartphone NFC 32MP 4500mAh Original Unlock,EUR 303.60,EUR 142.69,53%,EUR,7.0,EUR 9.99,7.0,EUR 9.99,6,20.0%,https://s.click.aliexpress.com/e/_c3wvFkIZ,,,,,,
1005011582945932,https://ae-pic-a1.aliexpress-media.com/kf/Sb8b99a55cab7407b99afe08ed05c57daY.jpg,https://video.aliexpress-media.com/play/u/ae_sg_item/201243433/p/1/e/6/t/10301/1100175360088.mp4,Sony Ericsson Xperia Arc LT15i Original Xperia Anzu x12 Mobile Cell Phone 3G Android Phone,EUR 83.03,EUR 41.51,50%,EUR,7.0,EUR 2.91,7.0,EUR 2.91,3,,https://s.click.aliexpress.com/e/_c3ww1Bh3,,,,,,
1005010239941822,https://ae-pic-a1.aliexpress-media.com/kf/S606031f4f65f4861a5fb070008f0e973j.jpg,,Samsung Galaxy A13 Smart Android Phone 6.5-inch 50MP 2SIM Refurbished Samsung Smartphone 5000mAh NFC 90Hz European Edition,EUR 301.89,EUR 123.77,59%,EUR,7.0,EUR 8.66,7.0,EUR 8.66,1,80.0%,https://s.click.aliexpress.com/e/_c3SW8PQV,,,,,,
1005011983562720,https://ae-pic-a1.aliexpress-media.com/kf/S146df6ee5a8a4204b4206c731a29844ft.jpg,,Original Unlocked LG G7 ThinQ G710N/G710ULM Single SIM 4GB RAM 64GB ROM 16MP 6.1'' 3000mAh Android 8.0 Smartphone,EUR 139.41,EUR 69.70,50%,EUR,3.0,EUR 2.09,3.0,EUR 2.09,8,100.0%,https://s.click.aliexpress.com/e/_c2JwPUVr,,,,,,
1005010185337782,https://ae-pic-a1.aliexpress-media.com/kf/S7435289919f14894b2abc24b932c3f39A.png,,"iPhone 12 Face ID 6.1"" 4G RAM 64GB/128GB/256GB ROM Unlocked Smartphone OLED Screen A14 Bionic Chip Dual 12MP Cameras 12 Apple",EUR 359.67,EUR 194.22,46%,EUR,7.0,EUR 13.60,7.0,EUR 13.60,29,90.0%,https://s.click.aliexpress.com/e/_c3nfRSm1,,,,,,
1005012279732305,https://ae-pic-a1.aliexpress-media.com/kf/S0df08583ffd242c0a6b0c0ad6250dd8er.jpg,,Animal Horse Soft Phone Cover Case for iPhone 17 Pro Max 12 Mini 14 Plus XR 15 Air 16 11 17e XS Max 13 Pro,EUR 1.18,EUR 1.13,4%,EUR,7.0,EUR 0.08,7.0,EUR 0.08,3,,https://s.click.aliexpress.com/e/_c33xJhYt,,,,,,
1005011979827389,https://ae-pic-a1.aliexpress-media.com/kf/S3abacb4a91244d1f833bf8a36c1c79944.jpg,,Refurbished Original LG Wine Smart D486 1700mAh 4G Single Sim Unlocked 3.2 inches Mobile Phone Russian Arabic Keyboard,EUR 86.60,EUR 43.30,50%,EUR,7.0,EUR 3.03,7.0,EUR 3.03,2,,https://s.click.aliexpress.com/e/_c4OF4twV,,,,,,
1005009117819033,https://ae-pic-a1.aliexpress-media.com/kf/S75109bc771314f628b94c3350c5ed3e0S.jpg,https://video.aliexpress-media.com/play/u/ae_sg_item/250012757/p/1/e/6/t/10301/1100069694299.mp4,3D trigger edge finder machining center tool CNC milling machine three-coordinate precision probe accuracy 0.001,EUR 132.56,EUR 79.54,40%,EUR,12.0,EUR 9.54,12.0,EUR 9.54,1,,https://s.click.aliexpress.com/e/_c41RNgVB,,,,,,
1005011939953474,https://ae-pic-a1.aliexpress-media.com/kf/S31a6d3e9e3424a22a24c7769c394c73eY.jpg,https://video.aliexpress-media.com/play/u/ae_sg_item/2213041917945/p/1/e/6/t/10301/349546426046.mp4,"CNC Water Jet Cutting Head On/Off Valve Adapter Assembly 3/8""M TO 1/4""F Waterjet Cutter 5 Axis Machine 1-11394 A-0792-1 10079432",EUR 24.74,EUR 23.75,4%,EUR,7.0,EUR 1.66,7.0,EUR 1.66,3,,https://s.click.aliexpress.com/e/_c3zLTvSl,,,,,,
1005009861028206,https://ae-pic-a1.aliexpress-media.com/kf/S23de7a836efc458ab78c2cb043241bd4U.png,,LM8UU Linear Bearing 8x15x24mm 1Pcs 8mm Bore Linear Motion Bushing LM4UU LM5UU LM6UU LM10UU LM12UU for CNC Machine 3D Printer,EUR 3.68,EUR 3.50,5%,EUR,7.0,EUR 0.24,7.0,EUR 0.24,97,94.5%,https://s.click.aliexpress.com/e/_c4kBuclR,,,,,,
1005008479821219,https://ae-pic-a1.aliexpress-media.com/kf/Sb4f0a88d99ce4c91aef0a6c4ad09516cW.jpg,,CNC Machine Plastic Linear Rail Guide Bearing Blocks SBR12UU SBR20UU SBR35UU Engineering Plastic Linear Bearing,EUR 11.44,EUR 10.75,6%,EUR,7.0,EUR 0.75,7.0,EUR 0.75,2,100.0%,https://s.click.aliexpress.com/e/_c3Z1mwMH,WM8XN29WZDXA,2026-08-01 00:00:41,2026-09-30 23:59:59,EUR 1.77,22,EUR 10.60
1005008874963638,https://ae-pic-a1.aliexpress-media.com/kf/S31771f31b365461ebb38d105c3b0cf1ah.jpg,,10pcs/lot High Precision CNC Clear Polycarbonate Xtreme V Wheel Kits for V-Slot Aluminum Profiles 3D Printer CNC Router Wheels,EUR 13.32,EUR 13.19,1%,EUR,12.0,EUR 1.58,12.0,EUR 1.58,6,100.0%,https://s.click.aliexpress.com/e/_c4CzimtP,,,,,,
1005010634065533,https://ae-pic-a1.aliexpress-media.com/kf/Sfd50e33e03d74bea9dbd67c4e158f5e1t.jpg,,DIY CNC Router Kits CNC Machine Frame 60X90,EUR 2833.86,EUR 2408.78,15%,EUR,30.0,EUR 722.63,7.0,EUR 168.61,0,,https://s.click.aliexpress.com/e/_c3HMBARb,,,,,,
1005012432661453,https://ae-pic-a1.aliexpress-media.com/kf/S4a6c0f75b2764f32831913e3a9ee8345f.jpg,https://video.aliexpress-media.com/play/u/ae_sg_item/223296960/p/1/e/6/t/10301/1100204461300.mp4,10Pcs Openbuilds Polycarbonate PC Extreme Mini V Wheel Kits for V-Slot Linear Rail Aluminum Profile 3D Printer CNC Router DIY,EUR 11.50,EUR 11.50,0%,EUR,7.0,EUR 0.80,7.0,EUR 0.80,2,,https://s.click.aliexpress.com/e/_c2RILTSH,,,,,,
1005008031975449,https://ae-pic-a1.aliexpress-media.com/kf/Seffa3a8cea4442269555352af0f63531X.jpg,,BIGTREETECH Panda Extruder Lightweight Precision CNC Machined For Bambu Lab P1P P1S X1C X1E Panda Claw Panda Revo,EUR 38.97,EUR 25.70,34%,EUR,7.0,EUR 1.80,7.0,EUR 1.80,25,98.0%,https://s.click.aliexpress.com/e/_c3pHxZwN,,,,,,
1005012618429882,https://ae-pic-a1.aliexpress-media.com/kf/Sc398e90561ce406d83d0c3da2050b212A.jpg,,Aubalasti Cooling Sprayer Mist Coolant Lubrication Spray System for 8mm Air Pipe CNC Lathe Milling Drill Engraving Machine Tool,EUR 9.32,EUR 4.94,47%,EUR,12.0,EUR 0.59,12.0,EUR 0.59,1,,https://s.click.aliexpress.com/e/_c43BdQ9P,,,,,,
1005009785978186,https://ae-pic-a1.aliexpress-media.com/kf/S004ed5cf47234cdbb47a0f3eaaf1ba10P.jpg,https://video.aliexpress-media.com/play/u/ae_sg_item/6003259320/p/1/e/6/t/10301/4000302714196.mp4,CNC 6090 Cutting Engraving Milling Machine Table Router CNC Router Working,EUR 1602.56,EUR 1602.56,0%,EUR,8.0,EUR 128.20,7.0,EUR 112.18,0,,https://s.click.aliexpress.com/e/_c308p7cD,,,,,,
1005008077796667,https://ae-pic-a1.aliexpress-media.com/kf/S08f7e1b27dd046e2b9c2c6e4f2f32426d.jpg,,Automatic Chip Removal Artifact Fan CNC Machining Center Machine Waste Scraping Chip Removal Fan Dust Removal Fan Clean,EUR 22.77,EUR 14.57,36%,EUR,7.0,EUR 1.02,7.0,EUR 1.02,4,100.0%,https://s.click.aliexpress.com/e/_c3v9t6dP,,,,,,
1005012024541901,https://ae-pic-a1.aliexpress-media.com/kf/S6528ba39874446018be53094307d90e8O.jpg,,Flipper Zero Wifi Three-in-one Black (Storage Box + Multifunctional Expansion Module Case + Pin Protection),EUR 52.90,EUR 25.39,52%,EUR,7.0,EUR 1.78,7.0,EUR 1.78,1,,https://s.click.aliexpress.com/e/_c3K6g1bB,3T1YB2AKNT07,2026-05-06 00:00:00,2026-09-30 23:59:59,EUR 1.32,1997,EUR 26.32
1005012521545773,https://ae-pic-a1.aliexpress-media.com/kf/Scfdf478da20f468691ef87fced4ddad1A.jpg,,High-Power 7.5HP 5.5KW Vacuum Pump For CNC Router 220V 380V AC Electric High Pressure OEM Customizable,EUR 115.59,EUR 107.50,7%,EUR,7.0,EUR 7.52,7.0,EUR 7.52,1,,https://s.click.aliexpress.com/e/_c43oTLBR,,,,,,
1005012623105310,https://ae-pic-a1.aliexpress-media.com/kf/Saebc2b9ea1b444e0a281d5d8501aba24h.jpg,,Nema 17 42mm Stepper Motor Open Loop High Torque 2-Phase 0.28-0.7Nm with 1m Cable for 3D Printer CNC Router Engraving Machine,EUR 19.15,EUR 10.91,43%,EUR,7.0,EUR 0.76,7.0,EUR 0.76,6,,https://s.click.aliexpress.com/e/_c3oH7Luh,,,,,,
1005004327303645,https://ae-pic-a1.aliexpress-media.com/kf/S73b8db5ab68a4c529e425ccecbcfa50ff.jpg,https://video.aliexpress-media.com/play/u/ae_sg_item/238600796/p/1/e/6/t/10301/1100035831184.mp4,NEMA23 57x112mm 3Nm Stepper Motor 3A/4.2A Single/Double Shaft 315Oz-in CNC For Router Engraving Milling Machine 3D Printer,EUR 23.56,EUR 16.73,29%,EUR,7.0,EUR 1.17,7.0,EUR 1.17,2,0.0%,https://s.click.aliexpress.com/e/_c3NIsSL3,,,,,,
1005011543653434,https://ae-pic-a1.aliexpress-media.com/kf/S128076acfa8c45fabe51fb698edf0cf0x.jpg,,QB-C01 Hi-Fi CNC Regenerative Power Filter for Audio Amplifier DAC Daphile NAS Digital Audio Player Router And Switch,EUR 60.40,EUR 60.40,0%,EUR,8.0,EUR 4.83,7.0,EUR 4.23,96,94.9%,https://s.click.aliexpress.com/e/_c3eSdRcv,,,,,,
1005008424179083,https://ae-pic-a1.aliexpress-media.com/kf/H11b64c53d940469a8c8b0c3ad2a501c25.jpg,https://video.aliexpress-media.com/play/u/ae_sg_item/2069031702/p/1/e/6/t/10301/295976939791.mp4,NEMA 17 cnc stepper motor 42x40mm 1.7A 4-lead 0.42N.m Nema17 stepping motor 1.8deg 60Oz-in for 3D printer For CNC router machine,EUR 11.91,EUR 10.12,15%,EUR,7.0,EUR 0.71,7.0,EUR 0.71,0,,https://s.click.aliexpress.com/e/_c3y09rFB,,,,,,
1005008783255636,https://ae-pic-a1.aliexpress-media.com/kf/S5b2c859c7d3f432bb760d1ac6cd66747w.jpg,,High Quality E3D V6 Throat V5 3D Printer Parts CR10 Bi-metal Heatbreak Copper Plated MK8 Throats For Kobra 2 Series CR10S CR6 SE,EUR 2.15,EUR 1.04,52%,EUR,7.0,EUR 0.07,7.0,EUR 0.07,618,98.4%,https://s.click.aliexpress.com/e/_c3fpjCbj,,,,,,
1005009909368405,https://ae-pic-a1.aliexpress-media.com/kf/Saa8df27653594ac1ab74d70cf6c78dbfN.jpg,,Factory Sale CNC6090 3 Axis Small Cnc Router Milling Engraver Machine Steel Structure For Hard Metal And Stone Iron,EUR 5552.15,EUR 4719.33,15%,EUR,30.0,EUR 1415.80,7.0,EUR 330.35,0,,https://s.click.aliexpress.com/e/_c3nd3w3F,,,,,,
1005008874963638,https://ae-pic-a1.aliexpress-media.com/kf/S31771f31b365461ebb38d105c3b0cf1ah.jpg,,10pcs/lot High Precision CNC Clear Polycarbonate Xtreme V Wheel Kits for V-Slot Aluminum Profiles 3D Printer CNC Router Wheels,EUR 13.32,EUR 13.19,1%,EUR,12.0,EUR 1.58,12.0,EUR 1.58,6,100.0%,https://s.click.aliexpress.com/e/_c3c5s2hf,,,,,,
1005011925652377,https://ae-pic-a1.aliexpress-media.com/kf/Sd0562362fe154776abc861125c5cd6193.jpg,,Wood Cnc Engraving Machine 1325 1530 Cnc Wood Router Saw Blade Cutting Atc Cnc Router Machine Price,EUR 20280.78,EUR 18861.13,7%,EUR,8.0,EUR 1508.89,7.0,EUR 1320.28,0,,https://s.click.aliexpress.com/e/_c3dwoPXJ,,,,,,
1005011919583542,https://ae-pic-a1.aliexpress-media.com/kf/S8cc27b5ad57b4feab3bca5e64f7d10ac7.jpg,,Cnc Router Machine 9kw 1300x2500 Cnc Wood Carving Machine for Aluminium Composite Panel,EUR 18025.54,EUR 16763.75,7%,EUR,15.0,EUR 2514.56,7.0,EUR 1173.46,0,,https://s.click.aliexpress.com/e/_c4b91icz,,,,,,
1005012436612505,https://ae-pic-a1.aliexpress-media.com/kf/Se5f9e0036f5e4955bf7eb8548b27b08cC.jpg,https://video.aliexpress-media.com/play/u/ae_sg_item/223296960/p/1/e/6/t/10301/1100204239573.mp4,10Pcs OpenBuilds Delrin POM Dual V Wheel Kit 625ZZ/625RS Bearings for V-Slot Aluminum Profile CNC 3D Printer Router Linear Rails,EUR 11.75,EUR 11.75,0%,EUR,7.0,EUR 0.82,7.0,EUR 0.82,2,,https://s.click.aliexpress.com/e/_c3QqO6c5,,,,,,
1005012620964314,https://ae-pic-a1.aliexpress-media.com/kf/Sed6a7eec1d07491b8577d2074d480b56W.jpg,,ER8 AA Grade 0.008mm Spring Collet Chuck Precision Clamping Sleeve For Tool Holder CNC Router Mini Engraving Milling Spindle,EUR 13.16,EUR 3.82,71%,EUR,8.0,EUR 0.31,7.0,EUR 0.27,0,,https://s.click.aliexpress.com/e/_c3qWpXPf,,,,,,
1005011923030262,https://ae-pic-a1.aliexpress-media.com/kf/S1dc1c319bae048e2bccd155d40418aa8X.jpg,,3 Axis 1325 CNC Router Woodworking Engraving Machine with NC Studio Control and Gear Core Components,EUR 5516.37,EUR 5130.22,7%,EUR,15.0,EUR 769.53,12.0,EUR 615.63,0,,https://s.click.aliexpress.com/e/_c3RqAudR,,,,,,
1005012654281373,https://ae-pic-a1.aliexpress-media.com/kf/Se92284d29d1b4fb5820dba237ce34a54H.jpg,,2.2 Kw Water Cooled Spindle Motor Cnc Spindle Motor Kit for Woodworking Cnc Router,EUR 576.86,EUR 513.41,11%,EUR,15.0,EUR 77.01,7.0,EUR 35.94,0,,https://s.click.aliexpress.com/e/_c4KXrANf,,,,,,
1005012200182389,https://ae-pic-a1.aliexpress-media.com/kf/Sa91eb92ee4b94ad48f0e68565edc6e7f4.jpg,,High Configuration Engraving CNC Router 3D Wood Machine,EUR 8566.61,EUR 7966.95,7%,EUR,15.0,EUR 1195.04,7.0,EUR 557.69,0,,https://s.click.aliexpress.com/e/_c4llTxup,,,,,,
1005012659776398,https://ae-pic-a1.aliexpress-media.com/kf/Sc2c9d63ff7774b469163800e98314ce3c.jpg,,4.5kw Water-cooled Spindle Motor for Woodworking Advertising Cnc Router Parts,EUR 496.86,EUR 442.21,11%,EUR,15.0,EUR 66.33,7.0,EUR 30.95,0,,https://s.click.aliexpress.com/e/_c3S3DJup,,,,,,
1005011923086783,https://ae-pic-a1.aliexpress-media.com/kf/S789ed3156b094db1a16fcb1fa5bcc94cr.jpg,,Best Sellers Automatic Cnc Routers for Woodworking Plywood Mdf 4*8ft Wood Carving Machine for Furniture Making,EUR 11896.27,EUR 11063.53,7%,EUR,8.0,EUR 885.08,7.0,EUR 774.45,0,,https://s.click.aliexpress.com/e/_c2u1ZCUd,,,,,,
1005011923660961,https://ae-pic-a1.aliexpress-media.com/kf/S81b2324aadac4d71bb739796858958cbM.jpg,,Vevoe China 1325 Woodworking CNC Router Engraving Machine 3.0kW Multi-Spindle High Precision Cross Grain Track 0-24000rpm,EUR 5822.84,EUR 5415.24,7%,EUR,15.0,EUR 812.29,7.0,EUR 379.07,0,,https://s.click.aliexpress.com/e/_c3CCylvb,,,,,,
1005011926875895,https://ae-pic-a1.aliexpress-media.com/kf/S6e6af7fbd2374ff289e1d7af48797d65V.jpg,,High Quality Large 5 Axis Cnc Router Engraver Machine for Marble Granite  and Wood Engraving,EUR 35117.28,EUR 33712.59,4%,EUR,8.0,EUR 2697.01,7.0,EUR 2359.88,0,,https://s.click.aliexpress.com/e/_c3i6y4UN,,,,,,
1005011924070441,https://ae-pic-a1.aliexpress-media.com/kf/S6bd20050cb494321950f53a6975fdabcu.jpg,,1325 Wood Cnc Router Machine for Doors Cabinets Office Furniture 4*8ft Cnc Engraving Carving Milling 3 Axis Machine,EUR 7535.43,EUR 7007.95,7%,EUR,8.0,EUR 560.64,7.0,EUR 490.56,0,,https://s.click.aliexpress.com/e/_c4tlQGtB,,,,,,
1005008783255636,https://ae-pic-a1.aliexpress-media.com/kf/S5b2c859c7d3f432bb760d1ac6cd66747w.jpg,,High Quality E3D V6 Throat V5 3D Printer Parts CR10 Bi-metal Heatbreak Copper Plated MK8 Throats For Kobra 2 Series CR10S CR6 SE,EUR 2.15,EUR 1.04,52%,EUR,7.0,EUR 0.07,7.0,EUR 0.07,618,98.4%,https://s.click.aliexpress.com/e/_c3H1Zix7,,,,,,
1005011939953474,https://ae-pic-a1.aliexpress-media.com/kf/S31a6d3e9e3424a22a24c7769c394c73eY.jpg,https://video.aliexpress-media.com/play/u/ae_sg_item/2213041917945/p/1/e/6/t/10301/349546426046.mp4,"CNC Water Jet Cutting Head On/Off Valve Adapter Assembly 3/8""M TO 1/4""F Waterjet Cutter 5 Axis Machine 1-11394 A-0792-1 10079432",EUR 24.74,EUR 23.75,4%,EUR,7.0,EUR 1.66,7.0,EUR 1.66,3,,https://s.click.aliexpress.com/e/_c4prK4xF,,,,,,
1005011920549548,https://ae-pic-a1.aliexpress-media.com/kf/Saf8cfedc42db483c9f0b4a233295a453Y.jpg,,Cnc Router Engraving Machine and Milling Machine Vertical Processing Metal Mould,EUR 32088.70,EUR 29842.49,7%,EUR,8.0,EUR 2387.40,7.0,EUR 2088.97,0,,https://s.click.aliexpress.com/e/_c3X2qx0Z,,,,,,
1005011929590823,https://ae-pic-a1.aliexpress-media.com/kf/S75941b924b5f4f9d946e9ec05125effeM.jpg,,Professional Cnc Router 3 Axis 4 Axis 6090 1212 1325 4x4 4x8 Para Madera Metal Pcb Stone Aluminum Wood Cutting Engraving Machine,EUR 16639.26,EUR 15973.69,4%,EUR,8.0,EUR 1277.90,7.0,EUR 1118.16,0,,https://s.click.aliexpress.com/e/_c38YYijb,,,,,,
1005010665736988,https://ae-pic-a1.aliexpress-media.com/kf/S7ae80a2f5bf14c77b7419a3a4d931b2bS.jpg,,"CNC Spoilboard Surfacing Router Bits, 4 Wings Rotation Carbide Insert Slab Flattening&Rabbeting Flycutter Planing Bit 2""Diameter",EUR 52.64,EUR 47.38,10%,EUR,12.0,EUR 5.69,12.0,EUR 5.69,0,,https://s.click.aliexpress.com/e/_c2wBHrxJ,,,,,,
1005011922062655,https://ae-pic-a1.aliexpress-media.com/kf/S9e440b6fcb0046548ab663f9ffcb1404c.jpg,,3 Axis 1530 CNC Router with Mach3 Controller for Wood MDF Acrylic Board Cutting Engraving Machine Single Spindle High-Accuracy,EUR 9067.76,EUR 8433.02,7%,EUR,8.0,EUR 674.64,7.0,EUR 590.31,0,,https://s.click.aliexpress.com/e/_c3eJCwrx,,,,,,
1005011923468178,https://ae-pic-a1.aliexpress-media.com/kf/S7ec477d854b04e8c907efb90b9d3179fM.jpg,,1325 CNC Router Woodworking Machine CNC Cutting Engraving for Wooden Furniture-Syntec Control System Motor Gear Pump PLC Core,EUR 12258.61,EUR 11400.51,7%,EUR,15.0,EUR 1710.08,7.0,EUR 798.04,0,,https://s.click.aliexpress.com/e/_c4a8VWUz,,,,,,
1005012458892538,https://ae-pic-a1.aliexpress-media.com/kf/S26706a1ef27b4b36aaef941441ceab712.jpg,,High Precision ER Collet ER20 ER25 ER32 CNC Router Spindle Spring Collet Chuck for Engraving Milling Machine,EUR 4.54,EUR 4.36,4%,EUR,7.0,EUR 0.31,7.0,EUR 0.31,0,,https://s.click.aliexpress.com/e/_c2JgqkA1,,,,,,
1005011920485181,https://ae-pic-a1.aliexpress-media.com/kf/Saeb150b51a25425e9487518507db8f31Q.jpg,,"1325 Cnc Metal Engraving Machine,3D CNC Router Milling Machine for Stainless Steel Wood MDF Acrylic",EUR 6363.65,EUR 5918.19,7%,EUR,15.0,EUR 887.73,7.0,EUR 414.27,0,,https://s.click.aliexpress.com/e/_c3c8NeNf,,,,,,
1005012814006712,https://ae-pic-a1.aliexpress-media.com/kf/Sed5b28f24e244d4889035ebd70c1f524s.jpg,,VIMLY Gray Two-piece Set Women 2026 Autumn New Ruffle Elegant Round Neck Pullover Long Skirt Office Lady Matching Outfit A3602,EUR 125.48,EUR 57.73,54%,EUR,9.0,EUR 5.20,9.0,EUR 5.20,5,,https://s.click.aliexpress.com/e/_c4sSBUmD,VIMLY5,2026-07-29 19:55:00,2026-09-30 23:59:59,EUR 4.42,19999,EUR 4.43
1005011927609743,https://ae-pic-a1.aliexpress-media.com/kf/S7bdca4cadfa8421e82db89478518bc6cN.jpg,,Fast Speed 3d 4x8 Wood Cnc Router Woodworking Machine 1325 Engraving Machine for Sale Made in China,EUR 9202.96,EUR 8834.84,4%,EUR,8.0,EUR 706.79,7.0,EUR 618.44,0,,https://s.click.aliexpress.com/e/_c35yOLGh,,,,,,
1005011924568760,https://ae-pic-a1.aliexpress-media.com/kf/Sf31d111d4eb943e98af9377bd45511f5V.jpg,,4 Axis Cnc Router Industrial Aluminum Profile CNC Machining Center for Curtain Walls Window and Door Making Machine,EUR 49737.42,EUR 46255.80,7%,EUR,12.0,EUR 5550.70,12.0,EUR 5550.70,0,,https://s.click.aliexpress.com/e/_c3E43RpT,,,,,,
1005012024541901,https://ae-pic-a1.aliexpress-media.com/kf/S6528ba39874446018be53094307d90e8O.jpg,,Flipper Zero Wifi Three-in-one Black (Storage Box + Multifunctional Expansion Module Case + Pin Protection),EUR 52.90,EUR 25.39,52%,EUR,7.0,EUR 1.78,7.0,EUR 1.78,1,,https://s.click.aliexpress.com/e/_c3V6xF0p,3T1YB2AKNT07,2026-05-06 00:00:00,2026-09-30 23:59:59,EUR 1.32,1997,EUR 26.32
1005012521545773,https://ae-pic-a1.aliexpress-media.com/kf/Scfdf478da20f468691ef87fced4ddad1A.jpg,,High-Power 7.5HP 5.5KW Vacuum Pump For CNC Router 220V 380V AC Electric High Pressure OEM Customizable,EUR 115.59,EUR 107.50,7%,EUR,7.0,EUR 7.52,7.0,EUR 7.52,1,,https://s.click.aliexpress.com/e/_c3tFMsDX,,,,,,
1005011922825436,https://ae-pic-a1.aliexpress-media.com/kf/Sdac83b13c3bb4455b6ec426efc1515cfx.jpg,,YOUHAOCNC Mini 4 Axis Mini CNC Router Wood Metal Stone Carved Engraver Machine 6090 With Side Rotary Axis,EUR 15487.75,EUR 14868.24,4%,EUR,8.0,EUR 1189.46,7.0,EUR 1040.78,0,,https://s.click.aliexpress.com/e/_c37ydVFf,,,,,,
1005011543653434,https://ae-pic-a1.aliexpress-media.com/kf/S128076acfa8c45fabe51fb698edf0cf0x.jpg,,QB-C01 Hi-Fi CNC Regenerative Power Filter for Audio Amplifier DAC Daphile NAS Digital Audio Player Router And Switch,EUR 60.40,EUR 60.40,0%,EUR,8.0,EUR 4.83,7.0,EUR 4.23,96,94.9%,https://s.click.aliexpress.com/e/_c36Sa9Yh,,,,,,
4000057814175,https://ae-pic-a1.aliexpress-media.com/kf/S98cf80155dd845368aa0f406bb942fe86.jpg,,BB Spring Collet Chuck ER32 ER40 Tool Holder CNC AA AAA 0.005 Engraving Milling Lathe Machine,EUR 7.95,EUR 5.17,35%,EUR,7.0,EUR 0.36,7.0,EUR 0.36,53,96.2%,https://s.click.aliexpress.com/e/_c3BLUY1r,,,,,,
1005011931199636,https://ae-pic-a1.aliexpress-media.com/kf/S8451b98e7c0c4972bf966b21deea71cdc.jpg,,6090 China 3D CNC Router Machine for Wood Cutting Engraving Wood Acrylic Aluminum Carving Metal CNC Router and Engraving Machine,EUR 5822.84,EUR 5589.93,4%,EUR,8.0,EUR 447.19,7.0,EUR 391.30,0,,https://s.click.aliexpress.com/e/_c3HMh8Nr,,,,,,
1005011923404353,https://ae-pic-a1.aliexpress-media.com/kf/Sbd769b627fa9485d93f9ec2cb6fe726eu.jpg,,Cheap Engraving and Cutting Machine Model 3030 6090 1218 1224 1325 2030 Cnc Router,EUR 3693.81,EUR 3435.24,7%,EUR,15.0,EUR 515.29,12.0,EUR 412.23,0,,https://s.click.aliexpress.com/e/_c42knMqt,,,,,,
1005011821518483,https://ae-pic-a1.aliexpress-media.com/kf/Sa1b9a4accb244f8796764d444355a90bq.jpg,,3D CNC Wood Carving Machine 4 Axis CNC 6040 Router 1.5KW Engraving Cutting Milling Machine for Aluminum Stone Metal Wood,EUR 1255.62,EUR 1205.39,4%,EUR,8.0,EUR 96.43,7.0,EUR 84.38,0,,https://s.click.aliexpress.com/e/_c3Siligd,,,,,,
1005012206107270,https://ae-pic-a1.aliexpress-media.com/kf/S9998e2a2cde84a7eb67e3eb5e00e2142k.jpg,,Minin Cnc Router 3040 4060 6090 With Ce Certificate for Wood Acrylic PVC Aluminum Brass Steel Cutting and Milling Drilling,EUR 2185.27,EUR 2032.30,7%,EUR,15.0,EUR 304.84,7.0,EUR 142.26,0,,https://s.click.aliexpress.com/e/_c3bfUZ97,,,,,,
1005010447686066,https://ae-pic-a1.aliexpress-media.com/kf/Sed4b42e28e914d8ba9e70c6d2fd41d51P.jpg,,530m3/h High Pressure air Ring Blower Turbine Wind Alternative Turbine vortex Pump for Cnc Router/woodworking Industry,EUR 1259.04,EUR 1259.04,0%,EUR,8.0,EUR 100.72,7.0,EUR 88.13,0,,https://s.click.aliexpress.com/e/_c3CgxzRB,,,,,,
1005010464408633,https://ae-pic-a1.aliexpress-media.com/kf/S82c15d6dc6fa456c978c15ea687953eeL.jpg,,Rigid Coupling 25mm Length Motor Clutch Shaft Coupler Engraving Machine Servo Motor Coupling Inner Hole 6/6.35/8/10mm For CNC,EUR 0.87,EUR 0.86,1%,EUR,7.0,EUR 0.06,7.0,EUR 0.06,60,98.6%,https://s.click.aliexpress.com/e/_c3SbUGsH,,,,,,
1005011920729369,https://ae-pic-a1.aliexpress-media.com/kf/S23bc2a20bcef46a7add0a0b1996755fca.jpg,,4 Axis CNC Router Metal Cutting Machine 3D Wood Carving CNC Router With CE Certificate,EUR 6327.59,EUR 5884.66,7%,EUR,8.0,EUR 470.77,7.0,EUR 411.93,0,,https://s.click.aliexpress.com/e/_c4mIPvO5,,,,,,
1005012580149826,https://ae-pic-a1.aliexpress-media.com/kf/Sd15c24223268481e8453103f6c16fca15.jpg,,2026 100mm 3.2kw Spindle Motor High Speed Water Cooler 4 Bearings CNC Router for Wood Carving HYCNC Spindle 24000rpm,EUR 320.10,EUR 304.09,5%,EUR,7.0,EUR 21.29,7.0,EUR 21.29,0,,https://s.click.aliexpress.com/e/_c3JJehRR,,,,,,
1005010203339198,https://ae-pic-a1.aliexpress-media.com/kf/S71a15d8065ac48e6b12c58c546a083cdy.jpg,,Suppliers HQD 9kw 220v 380v Long Nose Atc 9 kw Spindle Motor Hsk Iso30 Bt30 Kit Single Phase Replace Hsd for Steel Cnc Router,EUR 3030.97,EUR 2606.63,14%,EUR,12.0,EUR 312.80,12.0,EUR 312.80,0,,https://s.click.aliexpress.com/e/_c3khkSrL,,,,,,
1005011933954244,https://ae-pic-a1.aliexpress-media.com/kf/Seb0045cd198849baab98bf0e89537d08n.jpg,,Factory Supply High Precision Woodworking Engraving Machine Wood 4 Axis Cnc Router,EUR 12024.26,EUR 11543.29,4%,EUR,8.0,EUR 923.46,7.0,EUR 808.03,0,,https://s.click.aliexpress.com/e/_c3Bwgx7n,,,,,,
1005011936535400,https://ae-pic-a1.aliexpress-media.com/kf/Sad7c1133e97c4e4f9d4ca3e26f312aa77.jpg,,"ESP32 WiFi NRF24 2.4GHz Wireless Antenna Dev Board, Open‑Source Expansion Module for Hand‑held Research Device",EUR 43.30,EUR 37.38,13%,EUR,40.0,EUR 14.95,7.0,EUR 2.62,20,100.0%,https://s.click.aliexpress.com/e/_c4BH2eVJ,,,,,,
1005011829889677,https://ae-pic-a1.aliexpress-media.com/kf/Sf6b51b5e2c9740398e55aaea17bbe70e2.jpg,,CNC Router for Wood Tools Adjustable Angel Woodworking Milling Cutter for Multi-angle Wood Processing,EUR 153.71,EUR 152.17,1%,EUR,7.0,EUR 10.65,7.0,EUR 10.65,0,,https://s.click.aliexpress.com/e/_c4NRGzSd,,,,,,
1005011907960788,https://ae-pic-a1.aliexpress-media.com/kf/S55d736c370a1478b9ecd739c463125beP.jpg,,CNC Router Spindle 1.5kw square air Cooled Electric Spindle Motor,EUR 361.03,EUR 328.54,9%,EUR,8.0,EUR 26.28,7.0,EUR 23.00,0,,https://s.click.aliexpress.com/e/_c3Ei7y7b,,,,,,
1005012144374605,https://ae-pic-a1.aliexpress-media.com/kf/S53bfd377dde547a6989311675f853579Y.jpg,,Aluminum CNC 3040 6040 Frame Kit Limit Switch 1605 Ball Screw DIY CNC Router Milling Engraving Machine 3pcs Stepper Motor,EUR 783.88,EUR 783.88,0%,EUR,12.0,EUR 94.07,12.0,EUR 94.07,0,,https://s.click.aliexpress.com/e/_c37XaZI9,,,,,,
1005012918303954,https://ae-pic-a1.aliexpress-media.com/kf/Sdbc24a4338ea4fbbbffb25fc6669c5eaR.jpg,,XXT Magnetic Z Axis Tool for CNC Router Zero-Pre-setter Tool Setter Z Axle Positioning with a Table Zero Setting Gauge,EUR 53.92,EUR 49.61,8%,EUR,7.0,EUR 3.47,7.0,EUR 3.47,0,,https://s.click.aliexpress.com/e/_c3IN9Jxr,,,,,,
1005011854753203,https://ae-pic-a1.aliexpress-media.com/kf/S8d4854bd70f4401abd21fcffbb61f8842.jpg,,Best Price Large Size 1325 1530 2030 2040 4 Axis 3d Atc Cnc Router Wood Acrylic Woodworking Engraving Machine for Furniture,EUR 8436.79,EUR 7846.21,7%,EUR,12.0,EUR 941.55,12.0,EUR 941.55,0,,https://s.click.aliexpress.com/e/_c4kqvSTF,,,,,,
1005011902047948,https://ae-pic-a1.aliexpress-media.com/kf/S959e7bff997b443cb0649617fa7d1c1cW.jpg,,3D High Quality Aluminum V-Slot Gantry Plate Universal 20-80mm for CNC Router Machine 3D Printer V-Slot Linear Rails,EUR 14.48,EUR 13.90,4%,EUR,7.0,EUR 0.97,7.0,EUR 0.97,0,,https://s.click.aliexpress.com/e/_c3Q8fBzx,,,,,,
1005012679388697,https://ae-pic-a1.aliexpress-media.com/kf/Saf8cef3c08db4e8db571637d82024dc6S.jpg,,"JS-1500W 4060/6090/3040 Small CNC Machine, 3/4 Axis Square Rail Desktop Router for Hobby Woodworking and Metal Engraving",EUR 2132.62,EUR 1919.36,10%,EUR,7.0,EUR 134.36,7.0,EUR 134.36,0,,https://s.click.aliexpress.com/e/_c3Zg9hjn,,,,,,
1005012766520659,https://ae-pic-a1.aliexpress-media.com/kf/Sdae8c464b60f4079b2f8503b9acecc72O.jpg,,Router Corner Template with Interchangeable Plates CNC-Machined Router Corner Radius Template Wood Edge Roundover Jig Anodized,EUR 58.93,EUR 31.82,46%,EUR,7.0,EUR 2.23,7.0,EUR 2.23,0,,https://s.click.aliexpress.com/e/_c3SJXOKZ,,,,,,
1005012609223602,https://ae-pic-a1.aliexpress-media.com/kf/S25c857a98420434191e60bb5f6bfd418E.jpg,,2026China*Factory* Szgh 3 Axis CNC Milling Controller System Wood Router Machine Centre & Parts Cnc Mill Vmc Control,EUR 1119.88,EUR 1030.29,8%,EUR,8.0,EUR 82.42,7.0,EUR 72.12,0,,https://s.click.aliexpress.com/e/_c44qn4ip,,,,,,
1005012029065820,https://ae-pic-a1.aliexpress-media.com/kf/S45f611b3ba174a2abae39248f8bf68fe1.jpg,,Dragon Diamond HQD 2.2KW 3KW 6KW CNC air Cooling Spindle CNC Router Spindle Motor 18000rpm 220V 380V for CNC Milling  Machine,EUR 300.90,EUR 300.90,0%,EUR,7.0,EUR 21.06,7.0,EUR 21.06,0,,https://s.click.aliexpress.com/e/_c35Jcgkl,,,,,,
1005006329609829,https://ae-pic-a1.aliexpress-media.com/kf/S130a66a564634655b789b08956b14699H.jpg,https://video.aliexpress-media.com/play/u/ae_sg_item/2672042699/p/1/e/6/t/10301/1100170689052.mp4,CNC 3018 Pro Z-Axis Slide Module Slide Table Linear Rail Guide Compatible CNC Router With 300W/500W Spindle,EUR 139.21,EUR 73.78,47%,EUR,7.0,EUR 5.16,7.0,EUR 5.16,7,82.9%,https://s.click.aliexpress.com/e/_c4pQADUv,,,,,,
1005010554713914,https://ae-pic-a1.aliexpress-media.com/kf/S00aed4b42c0c496cb6f28be18834d714j.jpg,,"High-Performance NEMA23 Closed Loop Stepper Motor Kit for CNC Routers,  Printers, and Industrial Robots",EUR 71.83,EUR 71.83,0%,EUR,8.0,EUR 5.75,7.0,EUR 5.03,0,,https://s.click.aliexpress.com/e/_c4kXerrJ,,,,,,
1005011854539052,https://ae-pic-a1.aliexpress-media.com/kf/S986d7e108c184869ab57f60977315644i.jpg,,Hot Sale 4*8ft 1325 CNC Engraving Router Machine for Wood MDF Acrylic 3 Axis Furniture Making Single Spindle NC Studio Control,EUR 4687.12,EUR 4359.02,7%,EUR,8.0,EUR 348.72,7.0,EUR 305.13,0,,https://s.click.aliexpress.com/e/_c3Z1uJvF,,,,,,
1005011543653434,https://ae-pic-a1.aliexpress-media.com/kf/S128076acfa8c45fabe51fb698edf0cf0x.jpg,,QB-C01 Hi-Fi CNC Regenerative Power Filter for Audio Amplifier DAC Daphile NAS Digital Audio Player Router And Switch,EUR 60.40,EUR 60.40,0%,EUR,8.0,EUR 4.83,7.0,EUR 4.23,96,94.9%,https://s.click.aliexpress.com/e/_c2RDm8n3,,,,,,
1005012857060834,https://ae-pic-a1.aliexpress-media.com/kf/S0f66b564570e43ae820cc9c024ff0a73x.jpg,,Industrial Grade ER32 Spring Collet High Precision 0.005mm CNC Router Parts for Woodworking Spindle Tooling,EUR 57.31,EUR 57.31,0%,EUR,12.0,EUR 6.88,12.0,EUR 6.88,0,,https://s.click.aliexpress.com/e/_c3Fb9Nal,,,,,,
1005011936233287,https://ae-pic-a1.aliexpress-media.com/kf/S70f63dbda3a245d6b9cd47ba410137f7R.jpg,,3 Axis 1325 CNC Woodworking Router ATC Vacuum Suction Cup Woodworking Table 4*8 Feet Woodworking CNC Engraving Machine,EUR 6721.97,EUR 6453.09,4%,EUR,8.0,EUR 516.25,7.0,EUR 451.72,0,,https://s.click.aliexpress.com/e/_c2Q39Xrf,,,,,,
1005010719054890,https://ae-pic-a1.aliexpress-media.com/kf/Sdb40f24bd1de437ba5f559d0c5540b92R.jpg,,60 Degrees 90 Degreea 3d Vbit Carbide Routr Bit Cnc Woodworking Tools Router Bits for Engraving,EUR 100.37,EUR 100.37,0%,EUR,7.0,EUR 7.03,7.0,EUR 7.03,0,,https://s.click.aliexpress.com/e/_c3O1VHDx,,,,,,
1005012276103292,https://ae-pic-a1.aliexpress-media.com/kf/S377ca7471c4d44b88886187d1ef95009B.jpg,,DC Brushless 48V Air Cooled Spindle Motor with Speed Governor Controller & 52mm Bracket Clamp for CNC Router Milling 500W Power,EUR 177.83,EUR 177.83,0%,EUR,7.0,EUR 12.45,7.0,EUR 12.45,0,,https://s.click.aliexpress.com/e/_c3e1KbWV,,,,,,
1005011697729524,https://ae-pic-a1.aliexpress-media.com/kf/S45568f593e3145b3a362081994da0cefe.jpg,,220V ER20 2.2kw 80mm Water Cooling Spindle Motor Engraving Milling Machine Tool Spindle With Inverter FOR CNC ROUTER,EUR 614.32,EUR 614.32,0%,EUR,12.0,EUR 73.72,12.0,EUR 73.72,0,,https://s.click.aliexpress.com/e/_c4rFUuoH,,,,,,
1005011936089530,https://ae-pic-a1.aliexpress-media.com/kf/S820066c0d1c74ebe852e95322eeff935V.jpg,,Ejon Hot Selling  1325 CNC Router Machine for Wood Carving Cutting Machine for Arylic,EUR 12808.45,EUR 12296.11,4%,EUR,8.0,EUR 983.69,7.0,EUR 860.73,0,,https://s.click.aliexpress.com/e/_c30Djyu9,,,,,,
1005009962265867,https://ae-pic-a1.aliexpress-media.com/kf/Sf4c997932e104ff2854c28117815a1aaE.jpg,,Oatsbasf Metal Phone Case for iPhone 17 Pro Max/17 Pro with Magnetic Stand 360° Rotatable Magsafe Aluminum Metal Frameless Cover,EUR 33.28,EUR 16.64,50%,EUR,7.0,EUR 1.16,7.0,EUR 1.16,39,96.0%,https://s.click.aliexpress.com/e/_c2yxkxKN,,,,,,
1005012099427190,https://ae-pic-a1.aliexpress-media.com/kf/Sa0e13ef246814f649b9a5a2b18fb3494p.jpg,,Xunke High Accuracy 5.5kw Spindle Neon Light 3D Acrylic Pvc Acp Wood Carving Sign Letter Making Wood 3 Axis Cnc Router Machine,EUR 3811.13,EUR 3811.13,0%,EUR,7.0,EUR 266.78,7.0,EUR 266.78,0,,https://s.click.aliexpress.com/e/_c412I6UH,,,,,,
1005012200158073,https://ae-pic-a1.aliexpress-media.com/kf/Se4eef5feb2e4423f9f0b105eeddefecbo.jpg,,DSP B11 3 Axis Controller System for CNC Router Handle Engraving Machine Accessories Updated of 0501,EUR 501.33,EUR 466.24,7%,EUR,15.0,EUR 69.94,7.0,EUR 32.64,0,,https://s.click.aliexpress.com/e/_c3kDtq8N,,,,,,
1005012475220544,https://ae-pic-a1.aliexpress-media.com/kf/Sb0defb07bddc4f838dbd6b7969b26a81o.jpg,,RXP45XYZ-H Gantry Robot XYZ Stage CNC Router Motorized 3 Axis Table Linear Motion Module Belt Guide Rail With Stepper Motor,EUR 885.63,EUR 885.63,0%,EUR,7.0,EUR 61.99,7.0,EUR 61.99,0,,https://s.click.aliexpress.com/e/_c4eGO3tx,,,,,,
1005012452828140,https://ae-pic-a1.aliexpress-media.com/kf/S6b282598bb324e4488fbcbd88574faffz.jpg,,Wearing Compensation Tool Setter for Milling Machine Non-touch CNC Machine Tool Setter with 5 Direction Measurement,EUR 117.31,EUR 107.93,8%,EUR,7.0,EUR 7.56,7.0,EUR 7.56,1,,https://s.click.aliexpress.com/e/_c3aOtNpx,,,,,,
1005011928031635,https://ae-pic-a1.aliexpress-media.com/kf/S4bf386925c7a43a084e023e08fbb91f7r.jpg,,4 Axis Rotary Device Cylinder Engraving Wood Staircase Making CNC Router Machine,EUR 8526.96,EUR 8185.88,4%,EUR,12.0,EUR 982.31,12.0,EUR 982.31,0,,https://s.click.aliexpress.com/e/_c2zy68c9,,,,,,
1005010362360513,https://ae-pic-a1.aliexpress-media.com/kf/S75dc29e21d6c46c4b5a522fb253b23afP.jpg,,25mm Diameter Ball Screws 3000mm Stepper Motor Linear Guide CNC Router 4 Axis Mechanical Kit with Ball Screw,EUR 68.55,EUR 65.81,4%,EUR,10.0,EUR 6.58,7.0,EUR 4.61,0,,https://s.click.aliexpress.com/e/_c3E8W5UD,,,,,,
1005013036122877,https://ae-pic-a1.aliexpress-media.com/kf/Sfb44a3409840428fa462f144af041f21N.jpg,,Linear Bearings Linear Guide Slider Carriage Block with Bearing Steel and Square/Flange Block for CNC Router,EUR 39.61,EUR 38.03,4%,EUR,8.0,EUR 3.04,7.0,EUR 2.66,0,,https://s.click.aliexpress.com/e/_c3sPK96V,,,,,,
1005010177835738,https://ae-pic-a1.aliexpress-media.com/kf/S0f317c2a87f34346bd1e51609e2b142bo.jpg,,4.5 Kw Atc Spindle Iso30 Motor Bt30 4.5kw 230v Air Cooling Gdl51-30-24z/4.5 Kw Hqd Cnc Router Using,EUR 2149.68,EUR 1784.23,17%,EUR,8.0,EUR 142.74,7.0,EUR 124.90,0,,https://s.click.aliexpress.com/e/_c2zQaWzr,,,,,,
1005012198417131,https://ae-pic-a1.aliexpress-media.com/kf/S37873a16fa3141899f75f12d00d23584o.jpg,,CNC Router 6090 Model CNC Engraving and Milling Machine for Metal and Woodwork,EUR 2148.57,EUR 1998.17,7%,EUR,15.0,EUR 299.73,7.0,EUR 139.87,0,,https://s.click.aliexpress.com/e/_c3xSOR0t,,,,,,
1005012517626087,https://ae-pic-a1.aliexpress-media.com/kf/S6994fc7d6013431fb3e4c607dbf9471fM.jpg,,HR  Industrial CNC Router Small Woodworking And Metal Engraving Machine With Efficient Motor For Advertising Purposes,EUR 4346.42,EUR 3477.14,20%,EUR,7.0,EUR 243.40,7.0,EUR 243.40,0,,https://s.click.aliexpress.com/e/_c3ByCIVJ,,,,,,
1005012849341852,https://ae-pic-a1.aliexpress-media.com/kf/S428fd6c5800e4a9bbac7482d2511948cq.jpg,,BT30 ER25 ER32-70L 100L CNC Tool Holder High Precision Collet Chuck for Woodworking CNC Router Boring Milling Machine,EUR 197.24,EUR 197.24,0%,EUR,7.0,EUR 13.81,7.0,EUR 13.81,0,,https://s.click.aliexpress.com/e/_c3tp1Ro1,,,,,,
1005012521545773,https://ae-pic-a1.aliexpress-media.com/kf/Scfdf478da20f468691ef87fced4ddad1A.jpg,,High-Power 7.5HP 5.5KW Vacuum Pump For CNC Router 220V 380V AC Electric High Pressure OEM Customizable,EUR 115.59,EUR 107.50,7%,EUR,7.0,EUR 7.52,7.0,EUR 7.52,1,,https://s.click.aliexpress.com/e/_c3hrDOMN,,,,,,
1005012793003390,https://ae-pic-a1.aliexpress-media.com/kf/S5b4a493e89074d74b923cadbacfec8464.jpg,,16mm/20mm/25mm/32mm/40mm High Precision Ball Screw Set Bearing DFU1605/1610/2005 CNC Router Kit Ground Double Nut Machined,EUR 54.95,EUR 54.40,1%,EUR,7.0,EUR 3.81,7.0,EUR 3.81,0,,https://s.click.aliexpress.com/e/_c3iWuTG1,,,,,,
1005008140904652,https://ae-pic-a1.aliexpress-media.com/kf/S7b40ab4a9655452b9f1a40f7e3b7e96ba.jpg,,For Bambu Lab Marble Run 003 3D Printer Wireless Charger Inball Runway Components Kit Mouse Clock Gifts Hardware DIY Kid Toy Gun,EUR 4.34,EUR 4.34,0%,EUR,7.0,EUR 0.30,7.0,EUR 0.30,35,100.0%,https://s.click.aliexpress.com/e/_c3Q9LdMp,,,,,,