ProductId,Product Desc,Image Url,,,Origin Price,Discount Price,Direct linking commission rate (%),Promotion Url
100000157,Electric Vacuum Sealer Built-in Cutter Kitchen Food Storage Seal Touch Button Dry/Wet Food Sealing Vacuum Packaging Machine,https://ae-pic-a1.aliexpress-media.com/kf/Sa5c3bd3795f24d408cc44da4535e247bb.jpg,,,USD 48.52,USD 47.86,12.0%,https://s.click.aliexpress.com/e/_c3gM0LMx
200085153,AIFEN A9 Plus  Soldering Station Compatible Soldering Iron Tip 210/245/115 Handle Control Temperature Welding Rework Station,https://ae-pic-a1.aliexpress-media.com/kf/S98364b7f5a1b48db931626b4fc4d178bL.jpg,,,USD 322.63,USD 154.86,12.0%,https://s.click.aliexpress.com/e/_c3wAXTeB
150410,Wurkkos TS28 EDC Flashlight 3200 LM Rechargeable 21700 Battery 506m Beam Distance Magnetic Tail Cap Self-Defense Flashlight,https://ae-pic-a1.aliexpress-media.com/kf/Sb7b503f4cbd34fceac4e20be35f20153b.jpg,,,USD 59.86,USD 36.58,12.0%,https://s.click.aliexpress.com/e/_c3qcBWIx
200353142,Stereo Microscope PL10X Wide Angle Prosyl Eyepiece Diopter Adjustable High Eye Point 30mm Olympus Nikon Replacement with Eyecups,https://ae-pic-a1.aliexpress-media.com/kf/Sf27bc6c524c34b16962d4449745f93ccT.jpg,,,USD 71.62,USD 49.42,12.0%,https://s.click.aliexpress.com/e/_c3tQqWYr
202218678,LCD Screen Panel Assembly For PC‑8 PC200‑8 PC210‑8 Excavator Cluster Gauge Monitor Instrument Spare Part,https://ae-pic-a1.aliexpress-media.com/kf/S7db176e23e8243ddbffaae6b7bbbf4a4O.jpg,,,USD 125.68,USD 125.68,12.0%,https://s.click.aliexpress.com/e/_c4KXZLQr
153705,Factory Sale 3m 10m 5m to 4-20mA RS485 Ultrasonic Level Sensor For Water Oil Tank Ultrasonic Level Measuring Sanitary Olive Oil,https://ae-pic-a1.aliexpress-media.com/kf/S8db67d35f6604aa3b9b26c767e9ccba8E.png,,,USD 142.54,USD 85.52,12.0%,https://s.click.aliexpress.com/e/_c3hQSKF9
200001328,"MIJIA Smart Servo-Oscillation Electric Toothbrush Pro, IPX8 Waterproof & Travel Lock, 180-Day Long Battery Life, App Control",https://ae-pic-a1.aliexpress-media.com/kf/S36272c390ffe48df8be7648773c27808A.jpg,,,USD 169.54,USD 105.11,12.0%,https://s.click.aliexpress.com/e/_c41ZPakB
100005696,RF4 S9R Ultra-wide High Power Trinocular Microscope 7-74X Continuous Zoom 27mm Field Of Fiew For Mobile Phone Welding Repair,https://ae-pic-a1.aliexpress-media.com/kf/S9e1408a5a23042659088f93e5f5c4612p.jpg,,,USD 509.83,USD 407.87,12.0%,https://s.click.aliexpress.com/e/_c4sG6FdN
3712,"GPO Brooklyn Retro Boombox | Cassette Player, CD Player, Bluetooth Speaker, FM Radio, Portable Stereo System",https://ae-pic-a1.aliexpress-media.com/kf/S9020ff50143a4fdeb6e83587a0c00228p.jpg,,,USD 845.38,USD 388.88,12.0%,https://s.click.aliexpress.com/e/_c33qphUx
100000055,Original For Dyson V15 SV22 SV47 Motor Accessories Engine Assembly Host Handle Shell Vacuum Cleaner Replacement Spare Parts,https://ae-pic-a1.aliexpress-media.com/kf/S846331f06a7d431c9a0fa196dedc5069o.jpg,,,USD 242.32,USD 113.89,12.0%,https://s.click.aliexpress.com/e/_c2R4x0sr
142707,CQWY SUP23S/T Laser Welding Head Parts 18x2 Protective Lens 16x5 F60 20x4.5 F150 Laser Focusing Lens 30x14 T2 Reflector,https://ae-pic-a1.aliexpress-media.com/kf/S74fc4f53d4bb41cd95361015dcc53c59c.jpg,,,USD 12.24,USD 7.34,12.0%,https://s.click.aliexpress.com/e/_c3ndVXjh
15370301,UNI-T Clamp Meter UT201 UT202 UT202A UT203 UT204 Plus Digital Tester Professional Voltmeter Pliers Ammeter Electric Multitester,https://ae-pic-a1.aliexpress-media.com/kf/S42033227828f49f7a40854a300d0219fo.png,,,USD 69.38,USD 30.28,12.0%,https://s.click.aliexpress.com/e/_c3NoasgP
100007505,DSPIAE ES-A DIY Reciprocating Sander Electric Grinding Pen Plastic Model Sanding Heads Sandpaper Military Craft Tools,https://ae-pic-a1.aliexpress-media.com/kf/Sb60d00d782d04b9c8516d12d7705342dZ.jpg,,,USD 55.37,USD 44.30,12.0%,https://s.click.aliexpress.com/e/_c3fjIUp1
202216074,81 Electric  Screw Conveyor Hose  Suction Machine for Sand Powder Grain Extractor for Construction Site Strong Suction Auger Fee,https://ae-pic-a1.aliexpress-media.com/kf/Sc59e1034671d45eca8c8c222097a40c6t.jpg,,,USD 1891.88,USD 1872.96,12.0%,https://s.click.aliexpress.com/e/_c4VSKKix
153713,Portable Rapid POCT Blood Lactic Acid Test Meter Veterinary Test Strips for Rapid Detection of Lactate,https://ae-pic-a1.aliexpress-media.com/kf/Sb8b3750ac15244669f1b6af7a2e65b1dH.jpg,,,USD 113.65,USD 111.38,12.0%,https://s.click.aliexpress.com/e/_c4bSsszD
4104,300Bar 220V 110V PCP Air Compressor 4500Psi Pneumatic Rifles High Pressure 12V Vehicle Mounted Pump 30MPA Scuba Diving Shooting,https://ae-pic-a1.aliexpress-media.com/kf/Scd8323660027404b85526fbc51ba82ecr.jpg,,,USD 247.63,USD 183.25,12.0%,https://s.click.aliexpress.com/e/_c3Opagt1
200389167,Baler Semi-automatic strapping machine Automatic hot melt plastic pp belt Express carton Taping machine Packaging machine,https://ae-pic-a1.aliexpress-media.com/kf/S3d704fbad1b94cc8aa265a1383898895K.jpg,,,USD 2375.23,USD 950.09,12.0%,https://s.click.aliexpress.com/e/_c3z1xoF9
201345301,HAIZHOU Commercial Vacuum Sealer Machine Automatic Chamber Food Packaging Machine Desktop Stainless Steel Sealer for Meat Fruit,https://ae-pic-a1.aliexpress-media.com/kf/S7f87a7ee9f9e4b649284f817f6e0f0f1Q.jpg,,,USD 261.77,USD 203.14,12.0%,https://s.click.aliexpress.com/e/_c45R4VWJ
4338,LASER TREE 80W Blue Laser Head with Air Assist | CNC Metal/Wood Engraving & Cutting | TTL Control 0.01mm Precision,https://ae-pic-a1.aliexpress-media.com/kf/S11d42bef765749358690edb24d62dde9Y.jpg,,,USD 858.50,USD 116.58,12.0%,https://s.click.aliexpress.com/e/_c4lvvkoJ
100007204,New Arrival Dry Ice Cleaning Machine Small Dry Ice Cleaner Blaster Granulator Customized Car Beauty Dry Ice Cleaning Machine,https://ae-pic-a1.aliexpress-media.com/kf/S688461032def4d00a90aa043e23e70bah.jpg,,,USD 2093.00,USD 548.16,90.0%,https://s.click.aliexpress.com/e/_c2xgwYgP
200329182,"Sewer Inspection Camera -512Hz Self-Leveling Sewer Camera with 17/23mm Probe 5X Zoom , Waterproof Endoscope Camera with 12 LEDS",https://ae-pic-a1.aliexpress-media.com/kf/Scd1d71bdb314461e8cda4dc1a6e01891q.jpg,,,USD 237.03,USD 201.48,12.0%,https://s.click.aliexpress.com/e/_c41Uf3zH
640,1200ml Smart Constant Temperature Milk Regulator Glass Kettle Baby Milk Powder Electric Kettle Multifunctional Milk Warmer 220V,https://ae-pic-a1.aliexpress-media.com/kf/Sa2f73dcf6bfa4c06a84b57354cc81861G.jpg,,,USD 326.72,USD 231.97,12.0%,https://s.click.aliexpress.com/e/_c3xrpKp1
15370106,New Online Conductivity/TDS Controller Transmitter EC/TDS-TRA-600 Series,https://ae-pic-a1.aliexpress-media.com/kf/Se0add8d9354d45178c868a2b06dae535w.jpg,,,USD 101.37,USD 95.38,12.0%,https://s.click.aliexpress.com/e/_c3QGOrSB
142001,"12.6V 14.6V, 100A ternary charger, car programming power supply, audio adjustment power supply, high power, RV charging",https://ae-pic-a1.aliexpress-media.com/kf/S5b6f89f49110451585691e85712be40aC.jpg,,,USD 78.91,USD 68.65,12.0%,https://s.click.aliexpress.com/e/_c4kejGjz
100004516,Shopping List for the SRT V10 H Pattern Gearbox for Sim Racing with New PCB of V1.41,https://ae-pic-a1.aliexpress-media.com/kf/S780499d7e9b54ae3adc13a795bd87ba3l.jpg,,,USD 196.00,USD 196.00,12.0%,https://s.click.aliexpress.com/e/_c3popN9z
100005696,"4K 60MP Industrial Microscope With Enhanced Stand, 150X Digital Video Microscope With USB-C HDMI Port For PCB Soldering Repair",https://ae-pic-a1.aliexpress-media.com/kf/Sfecbf9406f2841a7a5661ce5765b39aeb.jpg,,,USD 306.30,USD 103.98,12.0%,https://s.click.aliexpress.com/e/_c4FjzcSx
202216290,30*80 stainless steel linear sieve machine for screening vibration sand particles  soybeans screen mesh is replaceable,https://ae-pic-a1.aliexpress-media.com/kf/Sb388c1629ee34809aeea8935dd6ceda0D.jpg,,,USD 341.54,USD 341.54,12.0%,https://s.click.aliexpress.com/e/_c4n8uNFh
200327168,Atem Controller Black Magic Switchboard Control Panel Livestream Atem Mini Camera Blackmagic VMix Software Video Switcher,https://ae-pic-a1.aliexpress-media.com/kf/Sbea78a4910f84936a292e08091d99721y.jpg,,,USD 1301.63,USD 741.93,12.0%,https://s.click.aliexpress.com/e/_c30yIV71
100000162,"ALTHY Stainless Steel Faucet Tap Water Filter Purifier System, NSF Certified Reduces Lead, Chlorine & Bad Taste Kitchen",https://ae-pic-a1.aliexpress-media.com/kf/Sd1be43be664b4bc1b63eb6df48d592c7V.jpg,,,USD 82.56,USD 50.45,12.0%,https://s.click.aliexpress.com/e/_c4qRUjYT
1335,Fresh Air Intake Inline Filter Box With Pre-Filter Activated Carbon and HEPA Filter HVAC System Heating And Cooling Ventilation,https://ae-pic-a1.aliexpress-media.com/kf/S768d2af8496e41acbdd6c8ab5bb70589G.jpg,,,USD 289.99,USD 173.99,12.0%,https://s.click.aliexpress.com/e/_c4C6sv19
201249005,ALIENTEK T90 Adjustable Temperature Heating Tool 140W Power Heating Repair Equipment 80-450℃ for DIY Repair Solder Iron Kit,https://ae-pic-a1.aliexpress-media.com/kf/Sd86ac711306545a392fcc2aa817cd5d7I.jpg,,,USD 85.67,USD 47.12,12.0%,https://s.click.aliexpress.com/e/_c3MFaMST
200386168,Household Window Automatic Water Spray Cleaning Robot Vacuum Cleaner Remote Control Electric Window Wiper Household Glass Wiper,https://ae-pic-a1.aliexpress-media.com/kf/S148d816d278b4594be6458661e2db052v.jpg,,,USD 280.00,USD 78.40,12.0%,https://s.click.aliexpress.com/e/_c3Mh639z
100000157,MAGIC SEAL MS400 Food Vacuum Sealer Machine Best Vacuum Sealer Packaging Machine Plastic Bag Sealer Common To All Bags,https://ae-pic-a1.aliexpress-media.com/kf/S29aca476adb3462c8a07f83d31aa4160D.jpg,,,USD 437.25,USD 209.88,12.0%,https://s.click.aliexpress.com/e/_c3UvBVMx
141914,EARU 2P DC 1000V MCB Solar Mini Circuit Breaker Overload Protection Switch 6A 10A 16A 20A 25A 32A 40A 50A 63A Photovoltaic PV,https://ae-pic-a1.aliexpress-media.com/kf/S11037aabe67f436aa76a0f125d57c3df2.jpg,,,USD 6.11,USD 6.11,12.0%,https://s.click.aliexpress.com/e/_c4Ffnqq7
100007229,"LASER TREE 1064nm 1W/2W Infrared Laser Head Module,  Laser Engraving Machine Engrave Tool for Copper/ Acrylic/Aluminum",https://ae-pic-a1.aliexpress-media.com/kf/Sae9f6b3133fd45508631d0be2c77c5e1J.jpg,,,USD 818.25,USD 166.68,12.0%,https://s.click.aliexpress.com/e/_c43VDuq3
15370805,40-400bar 50bar 12bar Mechanical Pressure Switch Piston Type Stainless Steel Diaphragm Adjustable,https://ae-pic-a1.aliexpress-media.com/kf/S6416f55fe42947b5bfaf1842bf212e9dz.png,,,USD 35.22,USD 35.22,12.0%,https://s.click.aliexpress.com/e/_c2QW2mnd
14200514,Sutu 5800 Pneumatic Spray Gun 1.3mm Stainless Steel Spray Nozzle 600ml Pot Car Furniture Spray Paint Clear Atomization,https://ae-pic-a1.aliexpress-media.com/kf/S180fc96c32f543e6882adbfb38090628R.jpg,,,USD 76.11,USD 76.11,12.0%,https://s.click.aliexpress.com/e/_c325ptxv
100007218,SHAZAM HRC55 4-Flute Flat End Mill Tungsten Steel Carbide Alloy Coating 5PCS 10PCS Milling Cutter For CNC Machining Endmills,https://ae-pic-a1.aliexpress-media.com/kf/S225310f43b5e4fc7b7df163f41ae21548.jpg,,,USD 39.17,USD 26.22,12.0%,https://s.click.aliexpress.com/e/_c3yv3sQ3
37013001,X36 C Modern Storage Computer Desks Luxury Elegant Adult Notebook Gaming Desk Office Executive Wooden Escritorio Ordenador Furni,https://ae-pic-a1.aliexpress-media.com/kf/Sca730c9b5bd9497d9032dbe4f3de3291i.jpg,,,USD 1728.64,USD 1382.91,12.0%,https://s.click.aliexpress.com/e/_c3iXkprD
52802,DL24 150W 20A DC Power USB Tester Electronic Load Lithium Battery Capacity Monitor Discharge Meter Supply Checker With APP,https://ae-pic-a1.aliexpress-media.com/kf/S3a38ba59945a4acf87d40811f8b91bd08.jpg,,,USD 46.66,USD 33.13,12.0%,https://s.click.aliexpress.com/e/_c33WMWtZ
141705,100% Original DeWalt 20V 5Ah 6Ah Battery Power Tool Replacement for DeWalt DCB206 DCB205 DCB805 DCB200 Power Tool,https://ae-pic-a1.aliexpress-media.com/kf/S984e2612b8c24f72881b44870b9ed43dI.jpg,,,USD 38.27,USD 17.60,12.0%,https://s.click.aliexpress.com/e/_c2yLWs4J
100007204,Customized Boxing Arcade Machine Electronic Boxing Device Sports Workouts Amazing Profit Production,https://ae-pic-a1.aliexpress-media.com/kf/Se46a44ac36ae45bbad1bf912b60a19a5c.jpg,,,USD 3315.88,USD 1657.94,12.0%,https://s.click.aliexpress.com/e/_c3XdhLrD
39050506,Italian Natural Marble Table Lamp Designer Creative Minimalist Living Room Bedroom Japanese Wabi-sabi Style Bedside Lamp,https://ae-pic-a1.aliexpress-media.com/kf/S44a5b44c9ebe4fc79685195ac0b1d928m.jpg,,,USD 334.51,USD 214.09,12.0%,https://s.click.aliexpress.com/e/_c3RNCm91
144007,2 pcs packaged new 2025 bestselling  high quality ! low price plastic welding gun  heat air gun hot air welder,https://ae-pic-a1.aliexpress-media.com/kf/S762af00295a94fdc971409118842e732p.jpg,,,USD 218.00,USD 196.74,12.0%,https://s.click.aliexpress.com/e/_c4OPuJEJ
14191102,Frequency Converter Electric Inverter 1500W RS485 Add Motor Driver 0.75KW 1.5KW MCU Single Phase Input 220V 3-Phase Output 0.4KW,https://ae-pic-a1.aliexpress-media.com/kf/Sbbfca1f7b9104db5a2ba3731374013dcv.jpg,,,USD 48.14,USD 36.10,12.0%,https://s.click.aliexpress.com/e/_c4qAAbr1
142001,Six-level Air Microbial Sampler Air Dust and Bacteria Detector Planktonic Microorganism Microbial Biological Air Sampler,https://ae-pic-a1.aliexpress-media.com/kf/S0eecaab92b2e4005b7bf5314e961543cZ.jpg,,,USD 1036.24,USD 828.99,12.0%,https://s.click.aliexpress.com/e/_c3uhX2WL
202230404,Customizable 40FT Folding Prefab Tiny House 20FT Foldable Container Modular Home Steel and Wooden Material,https://ae-pic-a1.aliexpress-media.com/kf/S334f96ae9293418cab299c7250ccb0b4p.jpg,,,USD 6313.38,USD 6250.25,12.0%,https://s.click.aliexpress.com/e/_c4TfLDub
142707,Original HSG Raytools BOCHU MCD100 NVA Nozzle Visual Aligner Laser Cutting Machine Nozzle Calibration Coaxial Calibration Device,https://ae-pic-a1.aliexpress-media.com/kf/S9ccd7745bf1b49dc8c291fce9b21cec4q.jpg,,,USD 1800.25,USD 803.28,12.0%,https://s.click.aliexpress.com/e/_c4qZQ5Fp
200342143,New Car Suction Cup Mount Kit with Invisible Selfie Stick Ball Head Adapter for Insta360 X4 X3 Action Camera Accessories,https://ae-pic-a1.aliexpress-media.com/kf/Sfa74882c32774c98a93bba2ea84bd0fbS.jpg,,,USD 70.20,USD 43.52,12.0%,https://s.click.aliexpress.com/e/_c3ZFhfmB
64316,ZM-168 Three Flavors Ice Cream Machine Commercial Soft Ice Cream Maker Small Three-color Ice Cream Machine,https://ae-pic-a1.aliexpress-media.com/kf/Sc68b16680b504308b249627fa93744650.jpg,,,USD 1206.00,USD 1013.04,12.0%,https://s.click.aliexpress.com/e/_c40wdULN
100000157,Electric Vacuum Sealer Built-in Cutter Kitchen Food Storage Seal Touch Button Dry/Wet Food Sealing Vacuum Packaging Machine,https://ae-pic-a1.aliexpress-media.com/kf/Sa5c3bd3795f24d408cc44da4535e247bb.jpg,,,USD 48.52,USD 47.86,12.0%,https://s.click.aliexpress.com/e/_c4tSZPgL
200085153,AIFEN A9 Plus  Soldering Station Compatible Soldering Iron Tip 210/245/115 Handle Control Temperature Welding Rework Station,https://ae-pic-a1.aliexpress-media.com/kf/S98364b7f5a1b48db931626b4fc4d178bL.jpg,,,USD 322.63,USD 154.86,12.0%,https://s.click.aliexpress.com/e/_c4nSjpNz
150410,Wurkkos TS28 EDC Flashlight 3200 LM Rechargeable 21700 Battery 506m Beam Distance Magnetic Tail Cap Self-Defense Flashlight,https://ae-pic-a1.aliexpress-media.com/kf/Sb7b503f4cbd34fceac4e20be35f20153b.jpg,,,USD 59.86,USD 36.58,12.0%,https://s.click.aliexpress.com/e/_c3gvSNxh
200353142,Stereo Microscope PL10X Wide Angle Prosyl Eyepiece Diopter Adjustable High Eye Point 30mm Olympus Nikon Replacement with Eyecups,https://ae-pic-a1.aliexpress-media.com/kf/Sf27bc6c524c34b16962d4449745f93ccT.jpg,,,USD 71.62,USD 49.42,12.0%,https://s.click.aliexpress.com/e/_c3GRt2th
202218678,LCD Screen Panel Assembly For PC‑8 PC200‑8 PC210‑8 Excavator Cluster Gauge Monitor Instrument Spare Part,https://ae-pic-a1.aliexpress-media.com/kf/S7db176e23e8243ddbffaae6b7bbbf4a4O.jpg,,,USD 125.68,USD 125.68,12.0%,https://s.click.aliexpress.com/e/_c3soDr7h
153705,Factory Sale 3m 10m 5m to 4-20mA RS485 Ultrasonic Level Sensor For Water Oil Tank Ultrasonic Level Measuring Sanitary Olive Oil,https://ae-pic-a1.aliexpress-media.com/kf/S8db67d35f6604aa3b9b26c767e9ccba8E.png,,,USD 142.54,USD 85.52,12.0%,https://s.click.aliexpress.com/e/_c4cYc2Zt
200001328,"MIJIA Smart Servo-Oscillation Electric Toothbrush Pro, IPX8 Waterproof & Travel Lock, 180-Day Long Battery Life, App Control",https://ae-pic-a1.aliexpress-media.com/kf/S36272c390ffe48df8be7648773c27808A.jpg,,,USD 169.54,USD 105.11,12.0%,https://s.click.aliexpress.com/e/_c3xG3Mgr
100005696,RF4 S9R Ultra-wide High Power Trinocular Microscope 7-74X Continuous Zoom 27mm Field Of Fiew For Mobile Phone Welding Repair,https://ae-pic-a1.aliexpress-media.com/kf/S9e1408a5a23042659088f93e5f5c4612p.jpg,,,USD 509.83,USD 407.87,12.0%,https://s.click.aliexpress.com/e/_c2vLLNTD
3712,"GPO Brooklyn Retro Boombox | Cassette Player, CD Player, Bluetooth Speaker, FM Radio, Portable Stereo System",https://ae-pic-a1.aliexpress-media.com/kf/S9020ff50143a4fdeb6e83587a0c00228p.jpg,,,USD 845.38,USD 388.88,12.0%,https://s.click.aliexpress.com/e/_c3HYbDVl
100000055,Original For Dyson V15 SV22 SV47 Motor Accessories Engine Assembly Host Handle Shell Vacuum Cleaner Replacement Spare Parts,https://ae-pic-a1.aliexpress-media.com/kf/S846331f06a7d431c9a0fa196dedc5069o.jpg,,,USD 242.32,USD 113.89,12.0%,https://s.click.aliexpress.com/e/_c3tLmxaX
142707,CQWY SUP23S/T Laser Welding Head Parts 18x2 Protective Lens 16x5 F60 20x4.5 F150 Laser Focusing Lens 30x14 T2 Reflector,https://ae-pic-a1.aliexpress-media.com/kf/S74fc4f53d4bb41cd95361015dcc53c59c.jpg,,,USD 12.24,USD 7.34,12.0%,https://s.click.aliexpress.com/e/_c3IMZ6T5
15370301,UNI-T Clamp Meter UT201 UT202 UT202A UT203 UT204 Plus Digital Tester Professional Voltmeter Pliers Ammeter Electric Multitester,https://ae-pic-a1.aliexpress-media.com/kf/S42033227828f49f7a40854a300d0219fo.png,,,USD 69.38,USD 30.28,12.0%,https://s.click.aliexpress.com/e/_c3RwEpmr
100007505,DSPIAE ES-A DIY Reciprocating Sander Electric Grinding Pen Plastic Model Sanding Heads Sandpaper Military Craft Tools,https://ae-pic-a1.aliexpress-media.com/kf/Sb60d00d782d04b9c8516d12d7705342dZ.jpg,,,USD 55.37,USD 44.30,12.0%,https://s.click.aliexpress.com/e/_c402mkXN
202216074,81 Electric  Screw Conveyor Hose  Suction Machine for Sand Powder Grain Extractor for Construction Site Strong Suction Auger Fee,https://ae-pic-a1.aliexpress-media.com/kf/Sc59e1034671d45eca8c8c222097a40c6t.jpg,,,USD 1891.88,USD 1872.96,12.0%,https://s.click.aliexpress.com/e/_c4MA593Z
153713,Portable Rapid POCT Blood Lactic Acid Test Meter Veterinary Test Strips for Rapid Detection of Lactate,https://ae-pic-a1.aliexpress-media.com/kf/Sb8b3750ac15244669f1b6af7a2e65b1dH.jpg,,,USD 113.65,USD 111.38,12.0%,https://s.click.aliexpress.com/e/_c3bV8ztN
4104,300Bar 220V 110V PCP Air Compressor 4500Psi Pneumatic Rifles High Pressure 12V Vehicle Mounted Pump 30MPA Scuba Diving Shooting,https://ae-pic-a1.aliexpress-media.com/kf/Scd8323660027404b85526fbc51ba82ecr.jpg,,,USD 247.63,USD 183.25,12.0%,https://s.click.aliexpress.com/e/_c4rf6mH1
200389167,Baler Semi-automatic strapping machine Automatic hot melt plastic pp belt Express carton Taping machine Packaging machine,https://ae-pic-a1.aliexpress-media.com/kf/S3d704fbad1b94cc8aa265a1383898895K.jpg,,,USD 2375.23,USD 950.09,12.0%,https://s.click.aliexpress.com/e/_c3aKXKcX
201345301,HAIZHOU Commercial Vacuum Sealer Machine Automatic Chamber Food Packaging Machine Desktop Stainless Steel Sealer for Meat Fruit,https://ae-pic-a1.aliexpress-media.com/kf/S7f87a7ee9f9e4b649284f817f6e0f0f1Q.jpg,,,USD 261.77,USD 203.14,12.0%,https://s.click.aliexpress.com/e/_c3HkmX8x
4338,LASER TREE 80W Blue Laser Head with Air Assist | CNC Metal/Wood Engraving & Cutting | TTL Control 0.01mm Precision,https://ae-pic-a1.aliexpress-media.com/kf/S11d42bef765749358690edb24d62dde9Y.jpg,,,USD 858.50,USD 116.58,12.0%,https://s.click.aliexpress.com/e/_c4eujf6P
100007204,New Arrival Dry Ice Cleaning Machine Small Dry Ice Cleaner Blaster Granulator Customized Car Beauty Dry Ice Cleaning Machine,https://ae-pic-a1.aliexpress-media.com/kf/S688461032def4d00a90aa043e23e70bah.jpg,,,USD 2093.00,USD 548.16,90.0%,https://s.click.aliexpress.com/e/_c2wMLHkF
200329182,"Sewer Inspection Camera -512Hz Self-Leveling Sewer Camera with 17/23mm Probe 5X Zoom , Waterproof Endoscope Camera with 12 LEDS",https://ae-pic-a1.aliexpress-media.com/kf/Scd1d71bdb314461e8cda4dc1a6e01891q.jpg,,,USD 237.03,USD 201.48,12.0%,https://s.click.aliexpress.com/e/_c4PVUgHD
640,1200ml Smart Constant Temperature Milk Regulator Glass Kettle Baby Milk Powder Electric Kettle Multifunctional Milk Warmer 220V,https://ae-pic-a1.aliexpress-media.com/kf/Sa2f73dcf6bfa4c06a84b57354cc81861G.jpg,,,USD 326.72,USD 231.97,12.0%,https://s.click.aliexpress.com/e/_c3kW9e9v
15370106,New Online Conductivity/TDS Controller Transmitter EC/TDS-TRA-600 Series,https://ae-pic-a1.aliexpress-media.com/kf/Se0add8d9354d45178c868a2b06dae535w.jpg,,,USD 101.37,USD 95.38,12.0%,https://s.click.aliexpress.com/e/_c3l5ssJl
142001,"12.6V 14.6V, 100A ternary charger, car programming power supply, audio adjustment power supply, high power, RV charging",https://ae-pic-a1.aliexpress-media.com/kf/S5b6f89f49110451585691e85712be40aC.jpg,,,USD 78.91,USD 68.65,12.0%,https://s.click.aliexpress.com/e/_c35L1xGT
100004516,Shopping List for the SRT V10 H Pattern Gearbox for Sim Racing with New PCB of V1.41,https://ae-pic-a1.aliexpress-media.com/kf/S780499d7e9b54ae3adc13a795bd87ba3l.jpg,,,USD 196.00,USD 196.00,12.0%,https://s.click.aliexpress.com/e/_c43ZjKt1
100005696,"4K 60MP Industrial Microscope With Enhanced Stand, 150X Digital Video Microscope With USB-C HDMI Port For PCB Soldering Repair",https://ae-pic-a1.aliexpress-media.com/kf/Sfecbf9406f2841a7a5661ce5765b39aeb.jpg,,,USD 306.30,USD 103.98,12.0%,https://s.click.aliexpress.com/e/_c4UeRYr5
202216290,30*80 stainless steel linear sieve machine for screening vibration sand particles  soybeans screen mesh is replaceable,https://ae-pic-a1.aliexpress-media.com/kf/Sb388c1629ee34809aeea8935dd6ceda0D.jpg,,,USD 341.54,USD 341.54,12.0%,https://s.click.aliexpress.com/e/_c3ZoNpp5
200327168,Atem Controller Black Magic Switchboard Control Panel Livestream Atem Mini Camera Blackmagic VMix Software Video Switcher,https://ae-pic-a1.aliexpress-media.com/kf/Sbea78a4910f84936a292e08091d99721y.jpg,,,USD 1301.63,USD 741.93,12.0%,https://s.click.aliexpress.com/e/_c3ZLyUaj
100000162,"ALTHY Stainless Steel Faucet Tap Water Filter Purifier System, NSF Certified Reduces Lead, Chlorine & Bad Taste Kitchen",https://ae-pic-a1.aliexpress-media.com/kf/Sd1be43be664b4bc1b63eb6df48d592c7V.jpg,,,USD 82.56,USD 50.45,12.0%,https://s.click.aliexpress.com/e/_c3Q2aZs7
1335,Fresh Air Intake Inline Filter Box With Pre-Filter Activated Carbon and HEPA Filter HVAC System Heating And Cooling Ventilation,https://ae-pic-a1.aliexpress-media.com/kf/S768d2af8496e41acbdd6c8ab5bb70589G.jpg,,,USD 289.99,USD 173.99,12.0%,https://s.click.aliexpress.com/e/_c4FkhYlp
201249005,ALIENTEK T90 Adjustable Temperature Heating Tool 140W Power Heating Repair Equipment 80-450℃ for DIY Repair Solder Iron Kit,https://ae-pic-a1.aliexpress-media.com/kf/Sd86ac711306545a392fcc2aa817cd5d7I.jpg,,,USD 85.67,USD 47.12,12.0%,https://s.click.aliexpress.com/e/_c3m0Nymb
200386168,Household Window Automatic Water Spray Cleaning Robot Vacuum Cleaner Remote Control Electric Window Wiper Household Glass Wiper,https://ae-pic-a1.aliexpress-media.com/kf/S148d816d278b4594be6458661e2db052v.jpg,,,USD 280.00,USD 78.40,12.0%,https://s.click.aliexpress.com/e/_c3jem3Hz
100000157,MAGIC SEAL MS400 Food Vacuum Sealer Machine Best Vacuum Sealer Packaging Machine Plastic Bag Sealer Common To All Bags,https://ae-pic-a1.aliexpress-media.com/kf/S29aca476adb3462c8a07f83d31aa4160D.jpg,,,USD 437.25,USD 209.88,12.0%,https://s.click.aliexpress.com/e/_c4OUUtmB
141914,EARU 2P DC 1000V MCB Solar Mini Circuit Breaker Overload Protection Switch 6A 10A 16A 20A 25A 32A 40A 50A 63A Photovoltaic PV,https://ae-pic-a1.aliexpress-media.com/kf/S11037aabe67f436aa76a0f125d57c3df2.jpg,,,USD 6.11,USD 6.11,12.0%,https://s.click.aliexpress.com/e/_c4kRAVqB
100007229,"LASER TREE 1064nm 1W/2W Infrared Laser Head Module,  Laser Engraving Machine Engrave Tool for Copper/ Acrylic/Aluminum",https://ae-pic-a1.aliexpress-media.com/kf/Sae9f6b3133fd45508631d0be2c77c5e1J.jpg,,,USD 818.25,USD 166.68,12.0%,https://s.click.aliexpress.com/e/_c2I6xQUJ
15370805,40-400bar 50bar 12bar Mechanical Pressure Switch Piston Type Stainless Steel Diaphragm Adjustable,https://ae-pic-a1.aliexpress-media.com/kf/S6416f55fe42947b5bfaf1842bf212e9dz.png,,,USD 35.22,USD 35.22,12.0%,https://s.click.aliexpress.com/e/_c3RdzmuP
14200514,Sutu 5800 Pneumatic Spray Gun 1.3mm Stainless Steel Spray Nozzle 600ml Pot Car Furniture Spray Paint Clear Atomization,https://ae-pic-a1.aliexpress-media.com/kf/S180fc96c32f543e6882adbfb38090628R.jpg,,,USD 76.11,USD 76.11,12.0%,https://s.click.aliexpress.com/e/_c3BrkjQf
100007218,SHAZAM HRC55 4-Flute Flat End Mill Tungsten Steel Carbide Alloy Coating 5PCS 10PCS Milling Cutter For CNC Machining Endmills,https://ae-pic-a1.aliexpress-media.com/kf/S225310f43b5e4fc7b7df163f41ae21548.jpg,,,USD 39.17,USD 26.22,12.0%,https://s.click.aliexpress.com/e/_c4mpP6AF
37013001,X36 C Modern Storage Computer Desks Luxury Elegant Adult Notebook Gaming Desk Office Executive Wooden Escritorio Ordenador Furni,https://ae-pic-a1.aliexpress-media.com/kf/Sca730c9b5bd9497d9032dbe4f3de3291i.jpg,,,USD 1728.64,USD 1382.91,12.0%,https://s.click.aliexpress.com/e/_c4KNUo2T
52802,DL24 150W 20A DC Power USB Tester Electronic Load Lithium Battery Capacity Monitor Discharge Meter Supply Checker With APP,https://ae-pic-a1.aliexpress-media.com/kf/S3a38ba59945a4acf87d40811f8b91bd08.jpg,,,USD 46.66,USD 33.13,12.0%,https://s.click.aliexpress.com/e/_c3L86r0b
141705,100% Original DeWalt 20V 5Ah 6Ah Battery Power Tool Replacement for DeWalt DCB206 DCB205 DCB805 DCB200 Power Tool,https://ae-pic-a1.aliexpress-media.com/kf/S984e2612b8c24f72881b44870b9ed43dI.jpg,,,USD 38.27,USD 17.60,12.0%,https://s.click.aliexpress.com/e/_c4pjUAPd
100007204,Customized Boxing Arcade Machine Electronic Boxing Device Sports Workouts Amazing Profit Production,https://ae-pic-a1.aliexpress-media.com/kf/Se46a44ac36ae45bbad1bf912b60a19a5c.jpg,,,USD 3315.88,USD 1657.94,12.0%,https://s.click.aliexpress.com/e/_c371u7Af
39050506,Italian Natural Marble Table Lamp Designer Creative Minimalist Living Room Bedroom Japanese Wabi-sabi Style Bedside Lamp,https://ae-pic-a1.aliexpress-media.com/kf/S44a5b44c9ebe4fc79685195ac0b1d928m.jpg,,,USD 334.51,USD 214.09,12.0%,https://s.click.aliexpress.com/e/_c3GFmodv
144007,2 pcs packaged new 2025 bestselling  high quality ! low price plastic welding gun  heat air gun hot air welder,https://ae-pic-a1.aliexpress-media.com/kf/S762af00295a94fdc971409118842e732p.jpg,,,USD 218.00,USD 196.74,12.0%,https://s.click.aliexpress.com/e/_c30q2wZD
14191102,Frequency Converter Electric Inverter 1500W RS485 Add Motor Driver 0.75KW 1.5KW MCU Single Phase Input 220V 3-Phase Output 0.4KW,https://ae-pic-a1.aliexpress-media.com/kf/Sbbfca1f7b9104db5a2ba3731374013dcv.jpg,,,USD 48.14,USD 36.10,12.0%,https://s.click.aliexpress.com/e/_c3E0gyRz
142001,Six-level Air Microbial Sampler Air Dust and Bacteria Detector Planktonic Microorganism Microbial Biological Air Sampler,https://ae-pic-a1.aliexpress-media.com/kf/S0eecaab92b2e4005b7bf5314e961543cZ.jpg,,,USD 1036.24,USD 828.99,12.0%,https://s.click.aliexpress.com/e/_c4tkoZSf
202230404,Customizable 40FT Folding Prefab Tiny House 20FT Foldable Container Modular Home Steel and Wooden Material,https://ae-pic-a1.aliexpress-media.com/kf/S334f96ae9293418cab299c7250ccb0b4p.jpg,,,USD 6313.38,USD 6250.25,12.0%,https://s.click.aliexpress.com/e/_c4aezW11
142707,Original HSG Raytools BOCHU MCD100 NVA Nozzle Visual Aligner Laser Cutting Machine Nozzle Calibration Coaxial Calibration Device,https://ae-pic-a1.aliexpress-media.com/kf/S9ccd7745bf1b49dc8c291fce9b21cec4q.jpg,,,USD 1800.25,USD 803.28,12.0%,https://s.click.aliexpress.com/e/_c4CfcLUx
200342143,New Car Suction Cup Mount Kit with Invisible Selfie Stick Ball Head Adapter for Insta360 X4 X3 Action Camera Accessories,https://ae-pic-a1.aliexpress-media.com/kf/Sfa74882c32774c98a93bba2ea84bd0fbS.jpg,,,USD 70.20,USD 43.52,12.0%,https://s.click.aliexpress.com/e/_c4UNKOUR
64316,ZM-168 Three Flavors Ice Cream Machine Commercial Soft Ice Cream Maker Small Three-color Ice Cream Machine,https://ae-pic-a1.aliexpress-media.com/kf/Sc68b16680b504308b249627fa93744650.jpg,,,USD 1206.00,USD 1013.04,12.0%,https://s.click.aliexpress.com/e/_c4kGvoax